-- phpMyAdmin SQL Dump
-- version 5.2.0
-- https://www.phpmyadmin.net/
--
-- Host: localhost:3306
-- Generation Time: Apr 13, 2023 at 06:22 AM
-- Server version: 8.0.30
-- PHP Version: 7.4.33

SET SQL_MODE = "NO_AUTO_VALUE_ON_ZERO";
START TRANSACTION;
SET time_zone = "+00:00";


/*!40101 SET @OLD_CHARACTER_SET_CLIENT=@@CHARACTER_SET_CLIENT */;
/*!40101 SET @OLD_CHARACTER_SET_RESULTS=@@CHARACTER_SET_RESULTS */;
/*!40101 SET @OLD_COLLATION_CONNECTION=@@COLLATION_CONNECTION */;
/*!40101 SET NAMES utf8mb4 */;

--
-- Database: `db_standardization`
--

-- --------------------------------------------------------

--
-- Table structure for table `failed_jobs`
--

CREATE TABLE `failed_jobs` (
  `id` bigint UNSIGNED NOT NULL,
  `uuid` varchar(255) COLLATE utf8mb4_unicode_ci NOT NULL,
  `connection` text COLLATE utf8mb4_unicode_ci NOT NULL,
  `queue` text COLLATE utf8mb4_unicode_ci NOT NULL,
  `payload` longtext COLLATE utf8mb4_unicode_ci NOT NULL,
  `exception` longtext COLLATE utf8mb4_unicode_ci NOT NULL,
  `failed_at` timestamp NOT NULL DEFAULT CURRENT_TIMESTAMP
) ENGINE=InnoDB DEFAULT CHARSET=utf8mb4 COLLATE=utf8mb4_unicode_ci;

-- --------------------------------------------------------

--
-- Table structure for table `maccounts`
--

CREATE TABLE `maccounts` (
  `intAccount_ID` int UNSIGNED NOT NULL,
  `user_id` bigint UNSIGNED NOT NULL,
  `txtUsername` varchar(64) COLLATE utf8mb4_unicode_ci NOT NULL,
  `txtPassword` varchar(64) COLLATE utf8mb4_unicode_ci NOT NULL,
  `txtCreatedBy` varchar(128) COLLATE utf8mb4_unicode_ci DEFAULT NULL,
  `dtmCreated` timestamp NOT NULL DEFAULT CURRENT_TIMESTAMP,
  `txtUpdatedBy` varchar(128) COLLATE utf8mb4_unicode_ci DEFAULT NULL,
  `dtmUpdated` timestamp NOT NULL DEFAULT CURRENT_TIMESTAMP ON UPDATE CURRENT_TIMESTAMP
) ENGINE=InnoDB DEFAULT CHARSET=utf8mb4 COLLATE=utf8mb4_unicode_ci;

-- --------------------------------------------------------

--
-- Table structure for table `mcgs`
--

CREATE TABLE `mcgs` (
  `intCg_ID` int UNSIGNED NOT NULL,
  `txtCgName` varchar(255) CHARACTER SET utf8mb4 COLLATE utf8mb4_unicode_ci NOT NULL,
  `dtmCreated` timestamp NULL DEFAULT NULL,
  `dtmUpdated` timestamp NULL DEFAULT NULL
) ENGINE=InnoDB DEFAULT CHARSET=utf8mb4 COLLATE=utf8mb4_unicode_ci;

--
-- Dumping data for table `mcgs`
--

INSERT INTO `mcgs` (`intCg_ID`, `txtCgName`, `dtmCreated`, `dtmUpdated`) VALUES
(1, 'AVATAR', '2023-03-27 16:28:39', '2023-03-27 16:28:39'),
(2, 'SHINING', '2023-03-27 16:28:39', '2023-03-27 16:28:39'),
(3, 'BOD', '2023-03-27 16:28:39', '2023-03-27 16:28:39'),
(4, 'CEPOT WARRIOR', '2023-03-27 16:28:39', '2023-03-27 16:28:39'),
(5, 'SAUBERPRO', '2023-03-27 16:28:39', '2023-03-27 16:28:39'),
(6, 'SALT', '2023-03-27 16:28:39', '2023-03-27 16:28:39'),
(7, 'EFFERVESCENT', '2023-03-27 16:28:39', '2023-03-27 16:28:39'),
(8, 'RISING STAR', '2023-03-27 16:28:39', '2023-03-27 16:28:39'),
(9, 'RISING STAR - TPM', '2023-03-27 16:28:39', '2023-03-27 16:28:39'),
(10, 'PLANNER', '2023-03-27 16:28:39', '2023-03-27 16:28:39'),
(11, 'MATRIX', '2023-03-27 16:28:39', '2023-03-27 16:28:39'),
(12, 'HORENSO', '2023-03-27 16:28:39', '2023-03-27 16:28:39'),
(13, 'GEMASD', '2023-03-27 16:28:39', '2023-03-27 16:28:39'),
(14, 'HYBRID', '2023-03-27 16:28:39', '2023-03-27 16:28:39'),
(15, 'UVESPA', '2023-03-27 16:28:39', '2023-03-27 16:28:39'),
(16, 'MACGYVER', '2023-03-27 16:28:39', '2023-03-27 16:28:39'),
(17, 'SUPERBIN', '2023-03-27 16:28:39', '2023-03-27 16:28:39'),
(18, 'METAMORFOSIS', '2023-03-27 16:28:39', '2023-03-27 16:28:39'),
(19, 'EMAX', '2023-03-27 16:28:39', '2023-03-27 16:28:39'),
(20, 'BIMASAKTI', '2023-03-27 16:28:39', '2023-03-27 16:28:39'),
(21, 'GANIMEDA', '2023-03-27 16:28:39', '2023-03-27 16:28:39'),
(22, 'RMPM', '2023-03-27 16:28:39', '2023-03-27 16:28:39'),
(23, 'FINISHGOOD', '2023-03-27 16:28:39', '2023-03-27 16:28:39'),
(24, 'NONCG', '2023-03-27 16:28:39', '2023-03-27 16:28:39');

-- --------------------------------------------------------

--
-- Table structure for table `mdatabases`
--

CREATE TABLE `mdatabases` (
  `intDatabase_ID` int UNSIGNED NOT NULL,
  `intAccount_ID` int UNSIGNED NOT NULL,
  `txtDatabaseName` varchar(64) COLLATE utf8mb4_unicode_ci NOT NULL,
  `txtCreatedBy` varchar(128) COLLATE utf8mb4_unicode_ci DEFAULT NULL,
  `dtmCreated` timestamp NOT NULL DEFAULT CURRENT_TIMESTAMP,
  `txtUpdatedBy` varchar(128) COLLATE utf8mb4_unicode_ci DEFAULT NULL,
  `dtmUpdated` timestamp NOT NULL DEFAULT CURRENT_TIMESTAMP ON UPDATE CURRENT_TIMESTAMP
) ENGINE=InnoDB DEFAULT CHARSET=utf8mb4 COLLATE=utf8mb4_unicode_ci;

-- --------------------------------------------------------

--
-- Table structure for table `mdepartments`
--

CREATE TABLE `mdepartments` (
  `intDepartment_ID` int UNSIGNED NOT NULL,
  `txtDepartmentName` varchar(64) COLLATE utf8mb4_unicode_ci NOT NULL,
  `txtInitial` varchar(8) COLLATE utf8mb4_unicode_ci NOT NULL,
  `txtCreatedBy` varchar(128) COLLATE utf8mb4_unicode_ci DEFAULT NULL,
  `dtmCreated` timestamp NOT NULL DEFAULT CURRENT_TIMESTAMP,
  `txtUpdatedBy` varchar(128) COLLATE utf8mb4_unicode_ci DEFAULT NULL,
  `dtmUpdated` timestamp NOT NULL DEFAULT CURRENT_TIMESTAMP ON UPDATE CURRENT_TIMESTAMP
) ENGINE=InnoDB DEFAULT CHARSET=utf8mb4 COLLATE=utf8mb4_unicode_ci;

--
-- Dumping data for table `mdepartments`
--

INSERT INTO `mdepartments` (`intDepartment_ID`, `txtDepartmentName`, `txtInitial`, `txtCreatedBy`, `dtmCreated`, `txtUpdatedBy`, `dtmUpdated`) VALUES
(1, 'BDA', 'BDA', 'ADMIN', '2023-03-27 16:28:38', 'ADMIN', '2023-03-27 16:28:38'),
(2, 'BOD', 'BOD', 'ADMIN', '2023-03-27 16:28:39', 'ADMIN', '2023-03-27 16:28:39'),
(3, 'MANUFACTURING', 'MNF', 'ADMIN', '2023-03-27 16:28:39', 'ADMIN', '2023-03-27 16:28:39'),
(4, 'HUMAN CAPITAL', 'HC', 'ADMIN', '2023-03-27 16:28:39', 'ADMIN', '2023-03-27 16:28:39'),
(5, 'IOS', 'IOS', 'ADMIN', '2023-03-27 16:28:39', 'ADMIN', '2023-03-27 16:28:39'),
(6, 'ENGINEERING', 'ENG', 'ADMIN', '2023-03-27 16:28:39', 'ADMIN', '2023-03-27 16:28:39'),
(7, 'PRODUCTION', 'PRD', 'ADMIN', '2023-03-27 16:28:39', 'ADMIN', '2023-03-27 16:28:39'),
(8, 'QUALITY ASSURANCE', 'QA', 'ADMIN', '2023-03-27 16:28:39', 'ADMIN', '2023-03-27 16:28:39'),
(9, 'WAREHOUSE', 'WHS', 'ADMIN', '2023-03-27 16:28:39', 'ADMIN', '2023-03-27 16:28:39'),
(10, 'MANUFACTURING DEVELOPMENT PLANNING', 'MDP', 'ADMIN', '2023-03-27 16:28:39', 'ADMIN', '2023-03-27 16:28:39');

-- --------------------------------------------------------

--
-- Table structure for table `migrations`
--

CREATE TABLE `migrations` (
  `id` int UNSIGNED NOT NULL,
  `migration` varchar(255) COLLATE utf8mb4_unicode_ci NOT NULL,
  `batch` int NOT NULL
) ENGINE=InnoDB DEFAULT CHARSET=utf8mb4 COLLATE=utf8mb4_unicode_ci;

--
-- Dumping data for table `migrations`
--

INSERT INTO `migrations` (`id`, `migration`, `batch`) VALUES
(1, '2019_08_19_000000_create_failed_jobs_table', 1),
(2, '2023_02_27_015459_create_mlevels_table', 1),
(3, '2023_02_27_015739_create_mdepartments_table', 1),
(4, '2023_02_27_020005_create_musers_table', 1),
(5, '2023_02_27_020927_create_mmenus_table', 1),
(6, '2023_02_27_022223_create_msubmenus_table', 1),
(7, '2023_03_24_080923_create_mmodules_table', 2),
(8, '2023_03_24_134516_create_maccounts_table', 3),
(9, '2023_03_26_032220_create_mdatabases_table', 4);

-- --------------------------------------------------------

--
-- Table structure for table `mjabatans`
--

CREATE TABLE `mjabatans` (
  `intJabatan_ID` int UNSIGNED NOT NULL,
  `intDepartment_ID` int UNSIGNED NOT NULL,
  `txtNamaJabatan` varbinary(155) DEFAULT NULL,
  `txtCreatedBy` varchar(128) DEFAULT NULL,
  `dtmCreated` timestamp NULL DEFAULT CURRENT_TIMESTAMP,
  `txtUpdatedBy` varchar(128) DEFAULT NULL,
  `dtmUpdated` timestamp NULL DEFAULT CURRENT_TIMESTAMP
) ENGINE=InnoDB DEFAULT CHARSET=utf8mb4 COLLATE=utf8mb4_0900_ai_ci;

--
-- Dumping data for table `mjabatans`
--

INSERT INTO `mjabatans` (`intJabatan_ID`, `intDepartment_ID`, `txtNamaJabatan`, `txtCreatedBy`, `dtmCreated`, `txtUpdatedBy`, `dtmUpdated`) VALUES
(1, 1, 0x427573696e65737320446576656c6f706d656e74202620416e616c7973697320446570742048656164, 'ADMIN', '2023-04-13 03:27:18', 'ADMIN', '2023-04-13 03:27:18'),
(2, 2, 0x507265736964656e74204469726563746f72, 'ADMIN', '2023-04-13 03:27:18', 'ADMIN', '2023-04-13 03:27:18'),
(3, 3, 0x4d616e75666163747572696e672048656164, 'ADMIN', '2023-04-13 03:27:18', 'ADMIN', '2023-04-13 03:27:18'),
(4, 4, 0x537220446570742048656164206f6620485242502c204f7065726174696f6e204741, 'ADMIN', '2023-04-13 03:27:18', 'ADMIN', '2023-04-13 03:27:18'),
(5, 5, 0x54504d202620466f63757320496d70726f76656d656e742053757065727669736f72, 'ADMIN', '2023-04-13 03:27:18', 'ADMIN', '2023-04-13 03:27:18'),
(6, 6, 0x4f7065726174696f6e616c204d61696e74656e616e63652053757065727669736f722031, 'ADMIN', '2023-04-13 03:27:18', 'ADMIN', '2023-04-13 03:27:18'),
(7, 1, 0x53746f7265204b656570657220424441, 'ADMIN', '2023-04-13 03:27:18', 'ADMIN', '2023-04-13 03:27:18'),
(8, 7, 0x44726965722047726f7570204c6561646572, 'ADMIN', '2023-04-13 03:27:18', 'ADMIN', '2023-04-13 03:27:18'),
(9, 6, 0x5574696c697479204c6561646572, 'ADMIN', '2023-04-13 03:27:18', 'ADMIN', '2023-04-13 03:27:18'),
(10, 7, 0x576574205361636865742047726f7570204c6561646572, 'ADMIN', '2023-04-13 03:27:18', 'ADMIN', '2023-04-13 03:27:18'),
(11, 6, 0x4d656368616e6963616c20546563686e696369616e, 'ADMIN', '2023-04-13 03:27:18', 'ADMIN', '2023-04-13 03:27:18'),
(12, 7, 0x42696e2046696c6c696e6720466f726b6c696674204f70657261746f72, 'ADMIN', '2023-04-13 03:27:18', 'ADMIN', '2023-04-13 03:27:18'),
(13, 7, 0x42696e2057617368696e6720436972636c65204c6561646572, 'ADMIN', '2023-04-13 03:27:18', 'ADMIN', '2023-04-13 03:27:18'),
(14, 7, 0x50726f64756374696f6e2050726f636573732050726f6a656374, 'ADMIN', '2023-04-13 03:27:18', 'ADMIN', '2023-04-13 03:27:18'),
(15, 8, 0x514120496e204c696e65205374616666, 'ADMIN', '2023-04-13 03:27:18', 'ADMIN', '2023-04-13 03:27:18'),
(16, 6, 0x5574696c69747920416e616c797374, 'ADMIN', '2023-04-13 03:27:18', 'ADMIN', '2023-04-13 03:27:18'),
(17, 7, 0x436f6d706f756e64696e67204f70657261746f72, 'ADMIN', '2023-04-13 03:27:18', 'ADMIN', '2023-04-13 03:27:18'),
(18, 7, 0x54697070696e6720466f726b6c696674204f70657261746f72, 'ADMIN', '2023-04-13 03:27:18', 'ADMIN', '2023-04-13 03:27:18'),
(19, 7, 0x447269657220436972636c65204c6561646572, 'ADMIN', '2023-04-13 03:27:18', 'ADMIN', '2023-04-13 03:27:18'),
(20, 7, 0x50726f6365737320262044726965722053757065727669736f722032, 'ADMIN', '2023-04-13 03:27:18', 'ADMIN', '2023-04-13 03:27:18'),
(21, 7, 0x46696c6c696e672026205061636b696e6720436f6f7264696e61746f72, 'ADMIN', '2023-04-13 03:27:18', 'ADMIN', '2023-04-13 03:27:18'),
(22, 7, 0x5765742043616e6e696e6720436972636c65204c6561646572, 'ADMIN', '2023-04-13 03:27:18', 'ADMIN', '2023-04-13 03:27:18'),
(23, 7, 0x494f53204a72205374616666202848796272696429, 'ADMIN', '2023-04-13 03:27:18', 'ADMIN', '2023-04-13 03:27:18'),
(24, 6, 0x5574696c697479204f70657261746f72, 'ADMIN', '2023-04-13 03:27:18', 'ADMIN', '2023-04-13 03:27:18'),
(25, 9, 0x57617265686f7573652053757065727669736f72, 'ADMIN', '2023-04-13 03:27:18', 'ADMIN', '2023-04-13 03:27:18'),
(26, 7, 0x50726f636573732026204472696572202053757065727669736f722031, 'ADMIN', '2023-04-13 03:27:18', 'ADMIN', '2023-04-13 03:27:18'),
(27, 6, 0x4d656368616e6963616c20416e616c797374, 'ADMIN', '2023-04-13 03:27:18', 'ADMIN', '2023-04-13 03:27:18'),
(28, 1, 0x50757263686173696e672c204c6567616c202620526567756c61746f722053757065727669736f72, 'ADMIN', '2023-04-13 03:27:18', 'ADMIN', '2023-04-13 03:27:18'),
(29, 7, 0x5361636865742046696c6c696e67204f70657261746f72, 'ADMIN', '2023-04-13 03:27:18', 'ADMIN', '2023-04-13 03:27:18'),
(30, 7, 0x53707261792044726965722047726f7570204c6561646572, 'ADMIN', '2023-04-13 03:27:18', 'ADMIN', '2023-04-13 03:27:18'),
(31, 7, 0x46617420426c656e642026204d6978696e6720436972636c65204c6561646572, 'ADMIN', '2023-04-13 03:27:18', 'ADMIN', '2023-04-13 03:27:18'),
(32, 7, 0x457661706f7261746f72204f70657261746f72, 'ADMIN', '2023-04-13 03:27:18', 'ADMIN', '2023-04-13 03:27:18'),
(33, 9, 0x57617265686f75736520524d204d616a6f722050726570617261746f72, 'ADMIN', '2023-04-13 03:27:18', 'ADMIN', '2023-04-13 03:27:18'),
(34, 9, 0x57617265686f75736520504d205374616666, 'ADMIN', '2023-04-13 03:27:18', 'ADMIN', '2023-04-13 03:27:18'),
(35, 5, 0x534845205374616666, 'ADMIN', '2023-04-13 03:27:18', 'ADMIN', '2023-04-13 03:27:18'),
(36, 9, 0x57617265686f75736520446570742048656164, 'ADMIN', '2023-04-13 03:27:18', 'ADMIN', '2023-04-13 03:27:18'),
(37, 9, 0x57617265686f75736520524d204d616a6f72205374616666, 'ADMIN', '2023-04-13 03:27:18', 'ADMIN', '2023-04-13 03:27:18'),
(38, 8, 0x5141204c61626f7261746f72792053757065727669736f72, 'ADMIN', '2023-04-13 03:27:18', 'ADMIN', '2023-04-13 03:27:18'),
(39, 7, 0x447279205361636865742047726f7570204c6561646572, 'ADMIN', '2023-04-13 03:27:18', 'ADMIN', '2023-04-13 03:27:18'),
(40, 7, 0x46696c6c696e672026205061636b696e672053757065727669736f72, 'ADMIN', '2023-04-13 03:27:18', 'ADMIN', '2023-04-13 03:27:18'),
(41, 8, 0x5141205374616666, 'ADMIN', '2023-04-13 03:27:18', 'ADMIN', '2023-04-13 03:27:18'),
(42, 1, 0x46696e616e63652026204163636f756e74696e67205374616666, 'ADMIN', '2023-04-13 03:27:18', 'ADMIN', '2023-04-13 03:27:18'),
(43, 7, 0x5765742043616e6e696e672047726f7570204c6561646572, 'ADMIN', '2023-04-13 03:27:18', 'ADMIN', '2023-04-13 03:27:18'),
(44, 9, 0x57617265686f75736520524d204d696e6f72205374616666, 'ADMIN', '2023-04-13 03:27:18', 'ADMIN', '2023-04-13 03:27:18'),
(45, 5, 0x53797374656d205374616666, 'ADMIN', '2023-04-13 03:27:18', 'ADMIN', '2023-04-13 03:27:18'),
(46, 10, 0x4d616e75666163747572696e6720446576656c6f706d656e74202620506c616e696e672053746166662d4954, 'ADMIN', '2023-04-13 03:27:18', 'ADMIN', '2023-04-13 03:27:18'),
(47, 1, 0x50757263686173696e67205374616666, 'ADMIN', '2023-04-13 03:27:18', 'ADMIN', '2023-04-13 03:27:18'),
(48, 7, 0x434950204f70657261746f72, 'ADMIN', '2023-04-13 03:27:18', 'ADMIN', '2023-04-13 03:27:18'),
(49, 6, 0x4f7065726174696f6e616c204d61696e74656e616e63652053757065727669736f722032, 'ADMIN', '2023-04-13 03:27:18', 'ADMIN', '2023-04-13 03:27:18'),
(50, 3, 0x4d616e75666163747572696e6720446576656c6f706d656e74202620506c616e6e696e6720446570742048656164, 'ADMIN', '2023-04-13 03:27:18', 'ADMIN', '2023-04-13 03:27:18'),
(51, 8, 0x514320496e204c696e652047726f7570204c6561646572, 'ADMIN', '2023-04-13 03:27:18', 'ADMIN', '2023-04-13 03:27:18'),
(52, 7, 0x50726f64756374696f6e205374616666, 'ADMIN', '2023-04-13 03:27:18', 'ADMIN', '2023-04-13 03:27:18'),
(53, 8, 0x5141204c61626f7261746f72792047726f7570204c6561646572, 'ADMIN', '2023-04-13 03:27:18', 'ADMIN', '2023-04-13 03:27:18'),
(54, 5, 0x4347204c6561646572202848796272696429, 'ADMIN', '2023-04-13 03:27:18', 'ADMIN', '2023-04-13 03:27:18'),
(55, 7, 0x426c656e64696e6720466f726b6c696674204f70657261746f72, 'ADMIN', '2023-04-13 03:27:18', 'ADMIN', '2023-04-13 03:27:18'),
(56, 7, 0x426c656e64696e67204f70657261746f72, 'ADMIN', '2023-04-13 03:27:18', 'ADMIN', '2023-04-13 03:27:18'),
(57, 7, 0x50726f63657373696e67204f70657261746f72, 'ADMIN', '2023-04-13 03:27:18', 'ADMIN', '2023-04-13 03:27:18'),
(58, 7, 0x42696e2046696c6c696e67204f70657261746f72, 'ADMIN', '2023-04-13 03:27:18', 'ADMIN', '2023-04-13 03:27:18'),
(59, 5, 0x496e7465677261746564204f7065726174696f6e2053797374656d20446570742e2048656164, 'ADMIN', '2023-04-13 03:27:18', 'ADMIN', '2023-04-13 03:27:18'),
(60, 1, 0x46696e616e63652026204163636f756e74696e672053757065727669736f72, 'ADMIN', '2023-04-13 03:27:18', 'ADMIN', '2023-04-13 03:27:18'),
(61, 7, 0x426c656e64696e6720262044756d70696e6720436972636c65204c6561646572, 'ADMIN', '2023-04-13 03:27:18', 'ADMIN', '2023-04-13 03:27:18'),
(62, 7, 0x42696e2057617368696e6720466f726b6c696674204f70657261746f72, 'ADMIN', '2023-04-13 03:27:18', 'ADMIN', '2023-04-13 03:27:18'),
(63, 7, 0x45647563746f72204f70657261746f72, 'ADMIN', '2023-04-13 03:27:18', 'ADMIN', '2023-04-13 03:27:18'),
(64, 7, 0x447279205361636865742054697070696e67204f70657261746f72, 'ADMIN', '2023-04-13 03:27:18', 'ADMIN', '2023-04-13 03:27:18'),
(65, 7, 0x506f77646572204d69786572204f70657261746f72, 'ADMIN', '2023-04-13 03:27:18', 'ADMIN', '2023-04-13 03:27:18'),
(66, 7, 0x43616e205061636b696e67204f70657261746f72, 'ADMIN', '2023-04-13 03:27:18', 'ADMIN', '2023-04-13 03:27:18'),
(67, 7, 0x4472792053616368657420436972636c65204c6561646572, 'ADMIN', '2023-04-13 03:27:18', 'ADMIN', '2023-04-13 03:27:18'),
(68, 5, 0x53797374656d204d616e6167656d656e742053757065727669736f72, 'ADMIN', '2023-04-13 03:27:18', 'ADMIN', '2023-04-13 03:27:18'),
(69, 7, 0x4a756e696f722050726f64756374696f6e205374616666, 'ADMIN', '2023-04-13 03:27:18', 'ADMIN', '2023-04-13 03:27:18'),
(70, 8, 0x514320496e636f6d696e6720416e616c797374, 'ADMIN', '2023-04-13 03:27:18', 'ADMIN', '2023-04-13 03:27:18'),
(71, 5, 0x496d70726f76656d656e74204a756e696f72205374616666, 'ADMIN', '2023-04-13 03:27:18', 'ADMIN', '2023-04-13 03:27:18'),
(72, 10, 0x505049432053757065727669736f72, 'ADMIN', '2023-04-13 03:27:18', 'ADMIN', '2023-04-13 03:27:18'),
(73, 1, 0x46696e616e63652026204163636f756e74696e67204a756e696f72205374616666, 'ADMIN', '2023-04-13 03:27:18', 'ADMIN', '2023-04-13 03:27:18'),
(74, 10, 0x496e666f726d6174696f6e20546563686e6f6c6f67792053757065727669736f72, 'ADMIN', '2023-04-13 03:27:18', 'ADMIN', '2023-04-13 03:27:18'),
(75, 1, 0x53706172657061727420537461666620424441, 'ADMIN', '2023-04-13 03:27:18', 'ADMIN', '2023-04-13 03:27:18'),
(76, 9, 0x57617265686f7573652041646d696e, 'ADMIN', '2023-04-13 03:27:18', 'ADMIN', '2023-04-13 03:27:18'),
(77, 6, 0x456c656374726963616c20546563686e696369616e, 'ADMIN', '2023-04-13 03:27:18', 'ADMIN', '2023-04-13 03:27:18'),
(78, 7, 0x50726f64756374696f6e2041646d696e, 'ADMIN', '2023-04-13 03:27:18', 'ADMIN', '2023-04-13 03:27:18'),
(79, 9, 0x57617265686f75736520504d20436865636b6572, 'ADMIN', '2023-04-13 03:27:18', 'ADMIN', '2023-04-13 03:27:18'),
(80, 8, 0x5143204d6963726f62696f6c6f677920416e616c797374, 'ADMIN', '2023-04-13 03:27:18', 'ADMIN', '2023-04-13 03:27:18'),
(81, 7, 0x44756d70696e67204f70657261746f72, 'ADMIN', '2023-04-13 03:27:18', 'ADMIN', '2023-04-13 03:27:18'),
(82, 7, 0x54697070696e67204f70657261746f72, 'ADMIN', '2023-04-13 03:27:18', 'ADMIN', '2023-04-13 03:27:18'),
(83, 8, 0x514320496e204c696e6520416e616c797374, 'ADMIN', '2023-04-13 03:27:18', 'ADMIN', '2023-04-13 03:27:18'),
(84, 7, 0x50726f64756374696f6e20446570742048656164, 'ADMIN', '2023-04-13 03:27:18', 'ADMIN', '2023-04-13 03:27:18'),
(85, 9, 0x57617265686f75736520524d204d616a6f7220466f726b6c696674204f70657261746f72, 'ADMIN', '2023-04-13 03:27:18', 'ADMIN', '2023-04-13 03:27:18'),
(86, 6, 0x57575450204f70657261746f72, 'ADMIN', '2023-04-13 03:27:18', 'ADMIN', '2023-04-13 03:27:18'),
(87, 7, 0x4472792053616368657420436972636c652041646d696e, 'ADMIN', '2023-04-13 03:27:18', 'ADMIN', '2023-04-13 03:27:18'),
(88, 7, 0x42696e2057617368696e67204f70657261746f72, 'ADMIN', '2023-04-13 03:27:18', 'ADMIN', '2023-04-13 03:27:18'),
(89, 9, 0x57617265686f757365204647205374616666, 'ADMIN', '2023-04-13 03:27:18', 'ADMIN', '2023-04-13 03:27:18'),
(90, 9, 0x57617265686f75736520464720436865636b6572, 'ADMIN', '2023-04-13 03:27:18', 'ADMIN', '2023-04-13 03:27:18'),
(91, 7, 0x447269657220436972636c652041646d696e, 'ADMIN', '2023-04-13 03:27:18', 'ADMIN', '2023-04-13 03:27:18'),
(92, 7, 0x5765742043616e6e696e6720436972636c652041646d696e, 'ADMIN', '2023-04-13 03:27:18', 'ADMIN', '2023-04-13 03:27:18'),
(93, 9, 0x57617265686f75736520524d204d696e6f722050726570617261746f72, 'ADMIN', '2023-04-13 03:27:18', 'ADMIN', '2023-04-13 03:27:18'),
(94, 7, 0x43616e2046696c6c696e67204f70657261746f72, 'ADMIN', '2023-04-13 03:27:18', 'ADMIN', '2023-04-13 03:27:18'),
(95, 5, 0x53797374656d20496e73706563746f72, 'ADMIN', '2023-04-13 03:27:18', 'ADMIN', '2023-04-13 03:27:18'),
(96, 7, 0x536163686574205061636b696e67204f70657261746f72, 'ADMIN', '2023-04-13 03:27:18', 'ADMIN', '2023-04-13 03:27:18'),
(97, 7, 0x44756d70696e6720466f726b6c696674204f70657261746f72, 'ADMIN', '2023-04-13 03:27:18', 'ADMIN', '2023-04-13 03:27:18'),
(98, 9, 0x57617265686f75736520464720466f726b6c696674204f70657261746f72, 'ADMIN', '2023-04-13 03:27:18', 'ADMIN', '2023-04-13 03:27:18'),
(99, 10, 0x41706c69636174696f6e202620446576656c6f706d656e7420537570706f7274205374616666, 'ADMIN', '2023-04-13 03:27:18', 'ADMIN', '2023-04-13 03:27:18'),
(100, 6, 0x456c656374726963616c204c6561646572, 'ADMIN', '2023-04-13 03:27:18', 'ADMIN', '2023-04-13 03:27:18'),
(101, 10, 0x50504943204a756e696f72205374616666, 'ADMIN', '2023-04-13 03:27:18', 'ADMIN', '2023-04-13 03:27:18'),
(102, 10, 0x4d616e75666163747572696e6720446576656c6f706d656e74202620506c616e696e672041646d696e6973746174696f6e2d4954, 'ADMIN', '2023-04-13 03:27:18', 'ADMIN', '2023-04-13 03:27:18'),
(103, 7, 0x466174204f70657261746f72, 'ADMIN', '2023-04-13 03:27:18', 'ADMIN', '2023-04-13 03:27:18'),
(104, 6, 0x4d656368616e6963616c204c6561646572, 'ADMIN', '2023-04-13 03:27:18', 'ADMIN', '2023-04-13 03:27:18'),
(105, 10, 0x505049432041646d696e, 'ADMIN', '2023-04-13 03:27:18', 'ADMIN', '2023-04-13 03:27:18'),
(106, 6, 0x456e67696e656572696e6720446570742048656164, 'ADMIN', '2023-04-13 03:27:18', 'ADMIN', '2023-04-13 03:27:18'),
(107, 7, 0x447269657220526f76696e67204f70657261746f72, 'ADMIN', '2023-04-13 03:27:18', 'ADMIN', '2023-04-13 03:27:18'),
(108, 4, 0x47656e6572616c204166666169722041646d696e, 'ADMIN', '2023-04-13 03:27:18', 'ADMIN', '2023-04-13 03:27:18'),
(109, 6, 0x4d61696e74656e616e636520506c616e6e6572, 'ADMIN', '2023-04-13 03:27:18', 'ADMIN', '2023-04-13 03:27:18'),
(110, 7, 0x44727920536163686574205061636b696e67204f70657261746f72, 'ADMIN', '2023-04-13 03:27:18', 'ADMIN', '2023-04-13 03:27:18'),
(111, 7, 0x5765742053616368657420436972636c652041646d696e, 'ADMIN', '2023-04-13 03:27:18', 'ADMIN', '2023-04-13 03:27:18'),
(112, 4, 0x47656e6572616c20416666616972205374616666, 'ADMIN', '2023-04-13 03:27:18', 'ADMIN', '2023-04-13 03:27:18'),
(113, 4, 0x48756d616e204361706974616c20446570742048656164, 'ADMIN', '2023-04-13 03:27:18', 'ADMIN', '2023-04-13 03:27:18'),
(114, 4, 0x526563727569746d656e742026204c6561726e696e6720446576656c6f706d656e74205374616666, 'ADMIN', '2023-04-13 03:27:18', 'ADMIN', '2023-04-13 03:27:18'),
(115, 4, 0x506179726f6c6c202620506572736f6e6e656c205374616666, 'ADMIN', '2023-04-13 03:27:18', 'ADMIN', '2023-04-13 03:27:18'),
(116, 6, 0x4f7065726174696f6e616c204d61696e74656e616e63652053757065727669736f722033, 'ADMIN', '2023-04-13 03:27:18', 'ADMIN', '2023-04-13 03:27:18'),
(117, 6, 0x4d656368616e69632048656c706572, 'ADMIN', '2023-04-13 03:27:18', 'ADMIN', '2023-04-13 03:27:18'),
(118, 9, 0x57617265686f75736520524d204d616a6f7220436865636b6572, 'ADMIN', '2023-04-13 03:27:18', 'ADMIN', '2023-04-13 03:27:18'),
(119, 4, 0x4852442053757065727669736f72, 'ADMIN', '2023-04-13 03:27:18', 'ADMIN', '2023-04-13 03:27:18'),
(120, 5, 0x446f63756d656e7420436f6e74726f6c6c6572, 'ADMIN', '2023-04-13 03:27:18', 'ADMIN', '2023-04-13 03:27:18'),
(121, 3, 0x546563686e6963616c2041647669736f72, 'ADMIN', '2023-04-13 03:27:18', 'ADMIN', '2023-04-13 03:27:18'),
(122, 6, 0x456e67696e656572696e672041646d696e, 'ADMIN', '2023-04-13 03:27:18', 'ADMIN', '2023-04-13 03:27:18'),
(123, 6, 0x50726576656e74697665204d61696e74656e616e6365204c6561646572, 'ADMIN', '2023-04-13 03:27:18', 'ADMIN', '2023-04-13 03:27:18'),
(124, 1, 0x4d616e6167656d656e742053797374656d205374616666, 'ADMIN', '2023-04-13 03:27:18', 'ADMIN', '2023-04-13 03:27:18'),
(125, 4, 0x495220262047412053757065727669736f72, 'ADMIN', '2023-04-13 03:27:18', 'ADMIN', '2023-04-13 03:27:18'),
(126, 8, 0x5175616c697479204173737572616e636520446570742048656164, 'ADMIN', '2023-04-13 03:27:18', 'ADMIN', '2023-04-13 03:27:18'),
(127, 1, 0x50757263686173696e672c204c6567616c202620496e76656e746f7279205374616666, 'ADMIN', '2023-04-13 03:27:18', 'ADMIN', '2023-04-13 03:27:18'),
(128, 4, 0x506572736f6e656c2041646d696e, 'ADMIN', '2023-04-13 03:27:18', 'ADMIN', '2023-04-13 03:27:18'),
(129, 7, 0x447269657220436f6e74696e6f757320436c65616e6572, 'ADMIN', '2023-04-13 03:27:18', 'ADMIN', '2023-04-13 03:27:18'),
(130, 7, 0x45647563746f722048656c706572, 'ADMIN', '2023-04-13 03:27:18', 'ADMIN', '2023-04-13 03:27:18'),
(131, 6, 0x4856414320546563686e696369616e, 'ADMIN', '2023-04-13 03:27:18', 'ADMIN', '2023-04-13 03:27:18'),
(132, 9, 0x57617265686f75736520524d204d696e6f7220417373697374616e74, 'ADMIN', '2023-04-13 03:27:18', 'ADMIN', '2023-04-13 03:27:18'),
(133, 9, 0x57617265686f75736520524d204d616a6f722048656c706572, 'ADMIN', '2023-04-13 03:27:18', 'ADMIN', '2023-04-13 03:27:18'),
(134, 7, 0x42696e2057617368696e672048656c706572, 'ADMIN', '2023-04-13 03:27:18', 'ADMIN', '2023-04-13 03:27:18'),
(135, 7, 0x536163686574205061636b696e672048656c706572, 'ADMIN', '2023-04-13 03:27:18', 'ADMIN', '2023-04-13 03:27:18'),
(136, 9, 0x57617265686f75736520504d20417373697374616e74, 'ADMIN', '2023-04-13 03:27:18', 'ADMIN', '2023-04-13 03:27:18'),
(137, 9, 0x57617265686f75736520524d204d696e6f722048656c706572, 'ADMIN', '2023-04-13 03:27:18', 'ADMIN', '2023-04-13 03:27:18'),
(138, 9, 0x57617265686f75736520464720417373697374616e74, 'ADMIN', '2023-04-13 03:27:18', 'ADMIN', '2023-04-13 03:27:18'),
(139, 3, 0x446570757479204d616e75666163747572696e672048656164, 'ADMIN', '2023-04-13 03:27:18', 'ADMIN', '2023-04-13 03:27:18'),
(140, 6, 0x48656c7065722057575450, 'ADMIN', '2023-04-13 03:27:18', 'ADMIN', '2023-04-13 03:27:18'),
(141, 8, 0x514320496e204c696e65204669656c64, 'ADMIN', '2023-04-13 03:27:18', 'ADMIN', '2023-04-13 03:27:18'),
(142, 4, 0x526563657074696f6e697374, 'ADMIN', '2023-04-13 03:27:18', 'ADMIN', '2023-04-13 03:27:18'),
(143, 7, 0x44756d70696e672048656c706572, 'ADMIN', '2023-04-13 03:27:18', 'ADMIN', '2023-04-13 03:27:18'),
(144, 5, 0x54504d2041646d696e, 'ADMIN', '2023-04-13 03:27:18', 'ADMIN', '2023-04-13 03:27:18'),
(145, 8, 0x51412041646d696e, 'ADMIN', '2023-04-13 03:27:18', 'ADMIN', '2023-04-13 03:27:18'),
(146, 1, 0x50757263686173696e672041646d696e697374726174696f6e, 'ADMIN', '2023-04-13 03:27:18', 'ADMIN', '2023-04-13 03:27:18'),
(147, 8, 0x5143204d6963726f62696f6c6f6779204669656c64, 'ADMIN', '2023-04-13 03:27:18', 'ADMIN', '2023-04-13 03:27:18'),
(148, 6, 0x41646d696e20546563686e696369616e, 'ADMIN', '2023-04-13 03:27:18', 'ADMIN', '2023-04-13 03:27:18'),
(149, 4, 0x4852442041646d696e697374726174696f6e, 'ADMIN', '2023-04-13 03:27:18', 'ADMIN', '2023-04-13 03:27:18'),
(150, 8, 0x5143204669656c642041646d696e697374726174696f6e, 'ADMIN', '2023-04-13 03:27:18', 'ADMIN', '2023-04-13 03:27:18'),
(151, 4, 0x436c65616e696e672053657276696365, 'ADMIN', '2023-04-13 03:27:18', 'ADMIN', '2023-04-13 03:27:18'),
(152, 4, 0x447269766572, 'ADMIN', '2023-04-13 03:27:18', 'ADMIN', '2023-04-13 03:27:18'),
(153, 6, 0x4275696c64696e67204d61696e74656e616e6365, 'ADMIN', '2023-04-13 03:27:18', 'ADMIN', '2023-04-13 03:27:18'),
(154, 4, 0x5365637572697479, 'ADMIN', '2023-04-13 03:27:18', 'ADMIN', '2023-04-13 03:27:18'),
(155, 4, 0x4b6f6d616e64616e2052656775, 'ADMIN', '2023-04-13 03:27:18', 'ADMIN', '2023-04-13 03:27:18'),
(156, 4, 0x4b6f6d616e64616e, 'ADMIN', '2023-04-13 03:27:18', 'ADMIN', '2023-04-13 03:27:18'),
(157, 4, 0x436c65616e696e672053657276696365204c6561646572, 'ADMIN', '2023-04-13 03:27:18', 'ADMIN', '2023-04-13 03:27:18');

-- --------------------------------------------------------

--
-- Table structure for table `mlevels`
--

CREATE TABLE `mlevels` (
  `intLevel_ID` int UNSIGNED NOT NULL,
  `txtLevelName` varchar(64) COLLATE utf8mb4_unicode_ci NOT NULL,
  `txtCreatedBy` varchar(128) COLLATE utf8mb4_unicode_ci DEFAULT NULL,
  `dtmCreated` timestamp NOT NULL DEFAULT CURRENT_TIMESTAMP,
  `txtUpdatedBy` varchar(128) COLLATE utf8mb4_unicode_ci DEFAULT NULL,
  `dtmUpdated` timestamp NOT NULL DEFAULT CURRENT_TIMESTAMP ON UPDATE CURRENT_TIMESTAMP
) ENGINE=InnoDB DEFAULT CHARSET=utf8mb4 COLLATE=utf8mb4_unicode_ci;

--
-- Dumping data for table `mlevels`
--

INSERT INTO `mlevels` (`intLevel_ID`, `txtLevelName`, `txtCreatedBy`, `dtmCreated`, `txtUpdatedBy`, `dtmUpdated`) VALUES
(1, 'ADMINISTRATOR', NULL, '2023-02-27 04:03:35', NULL, '2023-03-16 02:59:12'),
(2, 'CHAMPION', 'ADMIN', '2023-03-26 10:04:35', NULL, '2023-04-13 03:27:41'),
(3, 'USER', 'ADMIN', '2023-04-13 03:28:07', NULL, '2023-04-13 03:28:07');

-- --------------------------------------------------------

--
-- Table structure for table `mlevel_access`
--

CREATE TABLE `mlevel_access` (
  `intLevelAccess_ID` int UNSIGNED NOT NULL,
  `intSubmenu_ID` int UNSIGNED NOT NULL,
  `intLevel_ID` int UNSIGNED NOT NULL,
  `dtmCreated` timestamp NULL DEFAULT CURRENT_TIMESTAMP,
  `txtCreatedBy` varchar(128) DEFAULT NULL,
  `dtmUpdated` timestamp NULL DEFAULT CURRENT_TIMESTAMP ON UPDATE CURRENT_TIMESTAMP,
  `txtUpdatedBy` varchar(128) DEFAULT NULL
) ENGINE=InnoDB DEFAULT CHARSET=utf8mb4 COLLATE=utf8mb4_0900_ai_ci;

--
-- Dumping data for table `mlevel_access`
--

INSERT INTO `mlevel_access` (`intLevelAccess_ID`, `intSubmenu_ID`, `intLevel_ID`, `dtmCreated`, `txtCreatedBy`, `dtmUpdated`, `txtUpdatedBy`) VALUES
(1, 2, 1, '2023-02-28 08:56:42', NULL, '2023-03-01 04:30:09', NULL),
(2, 3, 1, '2023-02-28 08:57:08', NULL, '2023-03-01 04:30:07', NULL),
(3, 1, 1, '2023-02-28 08:57:17', NULL, '2023-02-28 08:57:17', NULL),
(4, 5, 1, '2023-03-01 02:52:10', NULL, '2023-03-01 02:52:10', NULL),
(6, 8, 1, '2023-03-08 06:54:06', NULL, '2023-03-08 06:54:06', NULL),
(7, 7, 1, '2023-03-16 02:48:54', NULL, '2023-03-16 02:48:54', NULL),
(8, 9, 1, '2023-03-20 04:07:22', NULL, '2023-03-20 04:07:22', NULL);

-- --------------------------------------------------------

--
-- Table structure for table `mmenus`
--

CREATE TABLE `mmenus` (
  `intMenu_ID` int UNSIGNED NOT NULL,
  `txtMenuTitle` varchar(64) COLLATE utf8mb4_unicode_ci NOT NULL,
  `txtMenuIcon` varchar(64) COLLATE utf8mb4_unicode_ci NOT NULL,
  `txtCreatedBy` varchar(128) COLLATE utf8mb4_unicode_ci DEFAULT NULL,
  `dtmCreated` timestamp NOT NULL DEFAULT CURRENT_TIMESTAMP,
  `txtUpdatedBy` varchar(128) COLLATE utf8mb4_unicode_ci DEFAULT NULL,
  `dtmUpdated` timestamp NOT NULL DEFAULT CURRENT_TIMESTAMP ON UPDATE CURRENT_TIMESTAMP
) ENGINE=InnoDB DEFAULT CHARSET=utf8mb4 COLLATE=utf8mb4_unicode_ci;

--
-- Dumping data for table `mmenus`
--

INSERT INTO `mmenus` (`intMenu_ID`, `txtMenuTitle`, `txtMenuIcon`, `txtCreatedBy`, `dtmCreated`, `txtUpdatedBy`, `dtmUpdated`) VALUES
(1, 'Dashboard', 'ion-ios-pulse bg-success', NULL, '2023-02-28 08:53:43', NULL, '2023-03-01 03:44:47'),
(2, 'Master Data', 'ion-ios-settings bg-blue', NULL, '2023-02-27 08:49:50', NULL, '2023-03-08 07:12:37'),
(3, 'Chart menu', 'ion-ios-pie bg-purple', 'ADMIN', '2023-03-08 02:23:28', 'ADMIN', '2023-03-20 07:12:59');

-- --------------------------------------------------------

--
-- Table structure for table `mmodules`
--

CREATE TABLE `mmodules` (
  `intModule_ID` int UNSIGNED NOT NULL,
  `user_id` bigint UNSIGNED NOT NULL,
  `txtModuleName` varchar(64) COLLATE utf8mb4_unicode_ci NOT NULL,
  `intStatus` tinyint(1) NOT NULL DEFAULT '1',
  `txtCreatedBy` varchar(128) COLLATE utf8mb4_unicode_ci DEFAULT NULL,
  `dtmCreated` timestamp NOT NULL DEFAULT CURRENT_TIMESTAMP,
  `txtUpdatedBy` varchar(128) COLLATE utf8mb4_unicode_ci DEFAULT NULL,
  `dtmUpdated` timestamp NOT NULL DEFAULT CURRENT_TIMESTAMP ON UPDATE CURRENT_TIMESTAMP
) ENGINE=InnoDB DEFAULT CHARSET=utf8mb4 COLLATE=utf8mb4_unicode_ci;

--
-- Dumping data for table `mmodules`
--

INSERT INTO `mmodules` (`intModule_ID`, `user_id`, `txtModuleName`, `intStatus`, `txtCreatedBy`, `dtmCreated`, `txtUpdatedBy`, `dtmUpdated`) VALUES
(1, 330, 'ROonline', 1, 'ALI DAVIT', '2023-04-13 04:14:58', 'ALI DAVIT', '2023-04-13 04:15:02'),
(2, 330, 'FTQ', 1, 'ALI DAVIT', '2023-04-13 04:17:48', 'ALI DAVIT', '2023-04-13 04:17:48');

-- --------------------------------------------------------

--
-- Table structure for table `msubdepartments`
--

CREATE TABLE `msubdepartments` (
  `intSubdepartment_ID` int UNSIGNED NOT NULL,
  `intDepartment_ID` int UNSIGNED NOT NULL,
  `txtSubdepartmentName` varchar(128) NOT NULL,
  `txtCreatedBy` varchar(128) DEFAULT NULL,
  `dtmCreated` timestamp NULL DEFAULT CURRENT_TIMESTAMP,
  `txtUpdatedBy` varchar(128) DEFAULT NULL,
  `dtmUpdated` timestamp NULL DEFAULT CURRENT_TIMESTAMP
) ENGINE=InnoDB DEFAULT CHARSET=utf8mb4 COLLATE=utf8mb4_0900_ai_ci;

--
-- Dumping data for table `msubdepartments`
--

INSERT INTO `msubdepartments` (`intSubdepartment_ID`, `intDepartment_ID`, `txtSubdepartmentName`, `txtCreatedBy`, `dtmCreated`, `txtUpdatedBy`, `dtmUpdated`) VALUES
(1, 2, 'BOD', 'ADMIN', '2023-04-13 03:34:48', 'ADMIN', '2023-04-13 03:34:48'),
(2, 1, 'Business Development & Analysis Department', 'ADMIN', '2023-04-13 03:34:48', 'ADMIN', '2023-04-13 03:34:48'),
(3, 1, 'Business Development & Analysis Section', 'ADMIN', '2023-04-13 03:34:48', 'ADMIN', '2023-04-13 03:34:48'),
(4, 1, 'Business Development & Analysis Sub Unit', 'ADMIN', '2023-04-13 03:34:48', 'ADMIN', '2023-04-13 03:34:48'),
(5, 1, 'Business Development & Analysis Unit', 'ADMIN', '2023-04-13 03:34:48', 'ADMIN', '2023-04-13 03:34:48'),
(6, 6, 'Engineering Department', 'ADMIN', '2023-04-13 03:34:48', 'ADMIN', '2023-04-13 03:34:48'),
(7, 6, 'Engineering Section', 'ADMIN', '2023-04-13 03:34:48', 'ADMIN', '2023-04-13 03:34:48'),
(8, 6, 'Engineering Sub Unit', 'ADMIN', '2023-04-13 03:34:48', 'ADMIN', '2023-04-13 03:34:48'),
(9, 6, 'Engineering Unit', 'ADMIN', '2023-04-13 03:34:48', 'ADMIN', '2023-04-13 03:34:48'),
(10, 4, 'Human Capital Department', 'ADMIN', '2023-04-13 03:34:48', 'ADMIN', '2023-04-13 03:34:48'),
(11, 4, 'Human Capital Section', 'ADMIN', '2023-04-13 03:34:48', 'ADMIN', '2023-04-13 03:34:48'),
(12, 4, 'Human Capital Sub Unit', 'ADMIN', '2023-04-13 03:34:48', 'ADMIN', '2023-04-13 03:34:48'),
(13, 4, 'Human Capital Unit', 'ADMIN', '2023-04-13 03:34:48', 'ADMIN', '2023-04-13 03:34:48'),
(14, 5, 'IOS Department', 'ADMIN', '2023-04-13 03:34:48', 'ADMIN', '2023-04-13 03:34:48'),
(15, 5, 'IOS Section', 'ADMIN', '2023-04-13 03:34:48', 'ADMIN', '2023-04-13 03:34:48'),
(16, 5, 'IOS Sub Unit', 'ADMIN', '2023-04-13 03:34:48', 'ADMIN', '2023-04-13 03:34:48'),
(17, 5, 'IOS Unit', 'ADMIN', '2023-04-13 03:34:48', 'ADMIN', '2023-04-13 03:34:48'),
(18, 10, 'IT Section', 'ADMIN', '2023-04-13 03:34:48', 'ADMIN', '2023-04-13 03:34:48'),
(19, 10, 'IT Sub Unit', 'ADMIN', '2023-04-13 03:34:48', 'ADMIN', '2023-04-13 03:34:48'),
(20, 10, 'IT Unit', 'ADMIN', '2023-04-13 03:34:48', 'ADMIN', '2023-04-13 03:34:48'),
(21, 3, 'Manufacturing Department', 'ADMIN', '2023-04-13 03:34:48', 'ADMIN', '2023-04-13 03:34:48'),
(22, 3, 'Manufacturing Division', 'ADMIN', '2023-04-13 03:34:48', 'ADMIN', '2023-04-13 03:34:48'),
(23, 10, 'PPIC Section', 'ADMIN', '2023-04-13 03:34:48', 'ADMIN', '2023-04-13 03:34:48'),
(24, 10, 'PPIC Sub Unit', 'ADMIN', '2023-04-13 03:34:48', 'ADMIN', '2023-04-13 03:34:48'),
(25, 7, 'Production Department', 'ADMIN', '2023-04-13 03:34:48', 'ADMIN', '2023-04-13 03:34:48'),
(26, 7, 'Production Section', 'ADMIN', '2023-04-13 03:34:48', 'ADMIN', '2023-04-13 03:34:48'),
(27, 7, 'Production Sub Unit', 'ADMIN', '2023-04-13 03:34:48', 'ADMIN', '2023-04-13 03:34:48'),
(28, 7, 'Production Unit', 'ADMIN', '2023-04-13 03:34:48', 'ADMIN', '2023-04-13 03:34:48'),
(29, 8, 'QA Department', 'ADMIN', '2023-04-13 03:34:48', 'ADMIN', '2023-04-13 03:34:48'),
(30, 8, 'QA Section', 'ADMIN', '2023-04-13 03:34:48', 'ADMIN', '2023-04-13 03:34:48'),
(31, 8, 'QA Sub Unit', 'ADMIN', '2023-04-13 03:34:48', 'ADMIN', '2023-04-13 03:34:48'),
(32, 8, 'QA Unit', 'ADMIN', '2023-04-13 03:34:48', 'ADMIN', '2023-04-13 03:34:48'),
(33, 9, 'Warehouse Department', 'ADMIN', '2023-04-13 03:34:48', 'ADMIN', '2023-04-13 03:34:48'),
(34, 9, 'Warehouse Section', 'ADMIN', '2023-04-13 03:34:48', 'ADMIN', '2023-04-13 03:34:48'),
(35, 9, 'Warehouse Sub Unit', 'ADMIN', '2023-04-13 03:34:48', 'ADMIN', '2023-04-13 03:34:48'),
(36, 9, 'Warehouse Unit', 'ADMIN', '2023-04-13 03:34:48', 'ADMIN', '2023-04-13 03:34:48'),
(37, 8, 'QA INLINE PACKING', NULL, '2023-04-13 06:09:29', NULL, '2023-04-13 06:09:29');

-- --------------------------------------------------------

--
-- Table structure for table `msubmenus`
--

CREATE TABLE `msubmenus` (
  `intSubmenu_ID` int UNSIGNED NOT NULL,
  `intMenu_ID` int UNSIGNED NOT NULL,
  `txtSubmenuTitle` varchar(64) COLLATE utf8mb4_unicode_ci NOT NULL,
  `txtSubmenuIcon` varchar(64) COLLATE utf8mb4_unicode_ci NOT NULL,
  `txtUrl` varchar(64) COLLATE utf8mb4_unicode_ci NOT NULL,
  `txtRouteName` varchar(64) COLLATE utf8mb4_unicode_ci NOT NULL,
  `txtCreatedBy` varchar(128) COLLATE utf8mb4_unicode_ci DEFAULT NULL,
  `dtmCreated` timestamp NOT NULL DEFAULT CURRENT_TIMESTAMP,
  `txtUpdatedBy` varchar(128) COLLATE utf8mb4_unicode_ci DEFAULT NULL,
  `dtmUpdated` timestamp NOT NULL DEFAULT CURRENT_TIMESTAMP ON UPDATE CURRENT_TIMESTAMP
) ENGINE=InnoDB DEFAULT CHARSET=utf8mb4 COLLATE=utf8mb4_unicode_ci;

--
-- Dumping data for table `msubmenus`
--

INSERT INTO `msubmenus` (`intSubmenu_ID`, `intMenu_ID`, `txtSubmenuTitle`, `txtSubmenuIcon`, `txtUrl`, `txtRouteName`, `txtCreatedBy`, `dtmCreated`, `txtUpdatedBy`, `dtmUpdated`) VALUES
(1, 1, 'Dashboard PRD', 'fa-solid fa-chart-line', 'dashboard/prd', 'manage.user.index', NULL, '2023-02-28 08:54:22', NULL, '2023-03-20 03:56:07'),
(2, 2, 'Manage Menu', 'fa-solid fa-list-check', 'admin/manage-menus', 'manage.menu.index', NULL, '2023-02-27 09:33:42', 'ADMIN', '2023-03-20 03:56:11'),
(3, 2, 'Manage Submenu', 'fa-solid fa-list-check', 'admin/manage-submenus', 'manage.submenu.index', NULL, '2023-02-28 08:54:50', NULL, '2023-03-08 07:14:22'),
(5, 2, 'Manage Users', 'fa-solid fa-user-plus', 'admin/manage-users', 'manage.user.index', NULL, '2023-03-01 02:51:44', 'ADMIN', '2023-03-26 09:56:38'),
(7, 2, 'Manage Levels', 'fa-brands fa-elementor', 'admin/manage-levels', 'manage.level.index', NULL, '2023-03-08 02:23:14', 'ADMIN', '2023-03-16 07:03:02'),
(8, 2, 'Manage Departments', 'fa-solid fa-user-tag', 'admin/manage-departments', 'manage.department.index', NULL, '2023-03-08 06:51:49', 'ADMIN', '2023-03-20 08:19:05'),
(9, 2, 'Manage Modules', 'fa-solid fa-code', 'admin/manage-modules', 'manage.module.index', 'ADMIN', '2023-03-20 01:39:05', 'ADMIN', '2023-03-20 03:48:38'),
(11, 2, 'Manage DB Account', 'fa-solid fa-database', 'admin/manage-dbaccounts', 'manage.dbaccount.index', 'ADMIN', '2023-03-24 07:04:24', NULL, '2023-03-24 07:30:24'),
(12, 1, 'Dashboard Navigation', 'fa-solid fa-rocket', 'dashboard', 'dashboard.navigation', 'ADMIN', '2023-04-13 01:25:04', NULL, '2023-04-13 01:34:14'),
(13, 2, 'Manage Subdepartment', 'fa-solid fa-user-tag', 'admin/manage-subdepartments', 'manage.subdepartment.index', 'ALI DAVIT', '2023-04-13 04:38:54', NULL, '2023-04-13 04:38:54');

-- --------------------------------------------------------

--
-- Table structure for table `musers`
--

CREATE TABLE `musers` (
  `id` bigint UNSIGNED NOT NULL,
  `intLevel_ID` int UNSIGNED NOT NULL,
  `intDepartment_ID` int UNSIGNED NOT NULL,
  `intSubdepartment_ID` int UNSIGNED NOT NULL,
  `intCg_ID` int UNSIGNED NOT NULL,
  `intJabatan_ID` int UNSIGNED NOT NULL,
  `txtName` varchar(128) COLLATE utf8mb4_unicode_ci NOT NULL,
  `txtNik` varchar(16) COLLATE utf8mb4_unicode_ci NOT NULL,
  `txtUsername` varchar(64) COLLATE utf8mb4_unicode_ci NOT NULL,
  `txtInitial` varchar(6) COLLATE utf8mb4_unicode_ci NOT NULL,
  `txtEmail` varchar(64) COLLATE utf8mb4_unicode_ci NOT NULL,
  `txtExt` char(4) COLLATE utf8mb4_unicode_ci DEFAULT NULL,
  `txtPhoto` varchar(64) CHARACTER SET utf8mb4 COLLATE utf8mb4_unicode_ci NOT NULL DEFAULT 'default.png',
  `txtPassword` varchar(155) CHARACTER SET utf8mb4 COLLATE utf8mb4_unicode_ci NOT NULL,
  `remember_token` varchar(155) COLLATE utf8mb4_unicode_ci DEFAULT NULL,
  `intActive` tinyint DEFAULT '0',
  `txtCreatedBy` varchar(128) COLLATE utf8mb4_unicode_ci DEFAULT NULL,
  `dtmCreated` timestamp NOT NULL DEFAULT CURRENT_TIMESTAMP,
  `txtUpdatedBy` varchar(128) COLLATE utf8mb4_unicode_ci DEFAULT NULL,
  `dtmUpdated` timestamp NOT NULL DEFAULT CURRENT_TIMESTAMP ON UPDATE CURRENT_TIMESTAMP
) ENGINE=InnoDB DEFAULT CHARSET=utf8mb4 COLLATE=utf8mb4_unicode_ci;

--
-- Dumping data for table `musers`
--

INSERT INTO `musers` (`id`, `intLevel_ID`, `intDepartment_ID`, `intSubdepartment_ID`, `intCg_ID`, `intJabatan_ID`, `txtName`, `txtNik`, `txtUsername`, `txtInitial`, `txtEmail`, `txtExt`, `txtPhoto`, `txtPassword`, `remember_token`, `intActive`, `txtCreatedBy`, `dtmCreated`, `txtUpdatedBy`, `dtmUpdated`) VALUES
(1, 3, 1, 2, 17, 1, 'DIDIK BUDIARTO', '050700014', 'didik.budiarto', 'DBO', 'didik.budiarto@kalbenutritionals.com', '700', 'default.png', '$2y$12$AZqgg65Z9qjrb1IDM1DAqOAGKCAXnxLmUZGO1Tt5nxeFkhrkcds3m', NULL, 1, 'ADMIN', '2023-04-13 04:11:19', 'ADMIN', '2023-04-13 04:15:59'),
(2, 3, 2, 1, 24, 2, 'I GEDE PUTU EKA PUTRA', '051000017', 'eka.putra', 'IGP', 'eka.putra@kalbenutritionals.com', '100', 'default.png', '$2y$12$AZqgg65Z9qjrb1IDM1DAqOAGKCAXnxLmUZGO1Tt5nxeFkhrkcds3m', NULL, 1, 'ADMIN', '2023-04-13 04:11:19', 'ADMIN', '2023-04-13 04:15:59'),
(3, 3, 3, 21, 24, 3, 'YUDHA AGUS TRI BASUKI', '060500014', 'yudha.agus', 'YAT', 'yudha.agus@kalbenutritionals.com', '102', 'default.png', '$2y$12$AZqgg65Z9qjrb1IDM1DAqOAGKCAXnxLmUZGO1Tt5nxeFkhrkcds3m', NULL, 1, 'ADMIN', '2023-04-13 04:11:19', 'ADMIN', '2023-04-13 04:15:59'),
(4, 3, 4, 10, 24, 4, 'APOLONIA LAURENSIA LUNAWATI. N', '060500015', 'apolonia.n', 'ALL', 'apolonia.n@kalbenutritionals.com', '103', 'default.png', '$2y$12$AZqgg65Z9qjrb1IDM1DAqOAGKCAXnxLmUZGO1Tt5nxeFkhrkcds3m', NULL, 1, 'ADMIN', '2023-04-13 04:11:19', 'ADMIN', '2023-04-13 04:15:59'),
(5, 3, 5, 15, 17, 5, 'SRI REJEKI', '060700017', 'sri.rejeki', 'SRI', 'sri.rejeki@kalbenutritionals.com', '810', 'default.png', '$2y$12$AZqgg65Z9qjrb1IDM1DAqOAGKCAXnxLmUZGO1Tt5nxeFkhrkcds3m', NULL, 1, 'ADMIN', '2023-04-13 04:11:19', 'ADMIN', '2023-04-13 04:15:59'),
(6, 3, 6, 7, 4, 6, 'YUNIARTO', '060800020', 'yuniarto.rasian', 'YTO', 'yuniarto.rasian@kalbenutritionals.com', '420', 'default.png', '$2y$12$AZqgg65Z9qjrb1IDM1DAqOAGKCAXnxLmUZGO1Tt5nxeFkhrkcds3m', NULL, 1, 'ADMIN', '2023-04-13 04:11:19', 'ADMIN', '2023-04-13 04:15:59'),
(7, 3, 1, 4, 2, 7, 'YAYAN', '060800022', 'yayan.yayan', 'YYN', 'yayan.yayan@kalbenutritionals.com', '212', 'default.png', '$2y$12$AZqgg65Z9qjrb1IDM1DAqOAGKCAXnxLmUZGO1Tt5nxeFkhrkcds3m', NULL, 1, 'ADMIN', '2023-04-13 04:11:19', 'ADMIN', '2023-04-13 04:15:59'),
(8, 3, 7, 27, 16, 8, 'NURHASAN', '060900024', 'nurhasan.nurhasan', 'NHS', 'nurhasan.nurhasan@kalbenutritionals.com', '#N/A', 'default.png', '$2y$12$AZqgg65Z9qjrb1IDM1DAqOAGKCAXnxLmUZGO1Tt5nxeFkhrkcds3m', NULL, 1, 'ADMIN', '2023-04-13 04:11:19', 'ADMIN', '2023-04-13 04:15:59'),
(9, 3, 6, 8, 5, 9, 'DENY MUHAMAD MULYADI', '060900025', 'deny.mulyadi', 'DMM', 'deny.mulyadi@kalbenutritionals.com', '#N/A', 'default.png', '$2y$12$AZqgg65Z9qjrb1IDM1DAqOAGKCAXnxLmUZGO1Tt5nxeFkhrkcds3m', NULL, 1, 'ADMIN', '2023-04-13 04:11:19', 'ADMIN', '2023-04-13 04:15:59'),
(10, 3, 7, 27, 24, 10, 'SUHATMAN', '061000028', 'suhatman.suhatman', 'SHM', 'suhatman.suhatman@kalbenutritionals.com', '#N/A', 'default.png', '$2y$12$AZqgg65Z9qjrb1IDM1DAqOAGKCAXnxLmUZGO1Tt5nxeFkhrkcds3m', NULL, 1, 'ADMIN', '2023-04-13 04:11:19', 'ADMIN', '2023-04-13 04:15:59'),
(11, 3, 6, 8, 4, 11, 'AFRIAN CHANDRA IDRIS', '061100030', 'afrian.idris', 'ACI', 'afrian.idris@kalbenutritionals.com', '#N/A', 'default.png', '$2y$12$AZqgg65Z9qjrb1IDM1DAqOAGKCAXnxLmUZGO1Tt5nxeFkhrkcds3m', NULL, 1, 'ADMIN', '2023-04-13 04:11:19', 'ADMIN', '2023-04-13 04:15:59'),
(12, 3, 7, 27, 16, 12, 'DARYONO', '061100031', 'daryono.daryono', 'DRO', 'daryono.daryono@kalbenutritionals.com', '#N/A', 'default.png', '$2y$12$AZqgg65Z9qjrb1IDM1DAqOAGKCAXnxLmUZGO1Tt5nxeFkhrkcds3m', NULL, 1, 'ADMIN', '2023-04-13 04:11:19', 'ADMIN', '2023-04-13 04:15:59'),
(13, 3, 7, 28, 17, 13, 'MUHAMAD EFENDI', '061100032', 'muhamad.efendi', 'MEI', 'muhamad.efendi@kalbenutritionals.com', '#N/A', 'default.png', '$2y$12$AZqgg65Z9qjrb1IDM1DAqOAGKCAXnxLmUZGO1Tt5nxeFkhrkcds3m', NULL, 1, 'ADMIN', '2023-04-13 04:11:19', 'ADMIN', '2023-04-13 04:15:59'),
(14, 3, 7, 27, 24, 14, 'USEP JAYADI', '061100033', 'usep.jayadi', 'UJI', 'usep.jayadi@kalbenutritionals.com', '#N/A', 'default.png', '$2y$12$AZqgg65Z9qjrb1IDM1DAqOAGKCAXnxLmUZGO1Tt5nxeFkhrkcds3m', NULL, 1, 'ADMIN', '2023-04-13 04:11:19', 'ADMIN', '2023-04-13 04:15:59'),
(15, 3, 8, 32, 21, 15, 'TIWIK SUYANTI', '061100034', 'tiwik.suyanti', 'TSI', 'tiwik.suyanti@kalbenutritionals.com', '#N/A', 'default.png', '$2y$12$AZqgg65Z9qjrb1IDM1DAqOAGKCAXnxLmUZGO1Tt5nxeFkhrkcds3m', NULL, 1, 'ADMIN', '2023-04-13 04:11:19', 'ADMIN', '2023-04-13 04:15:59'),
(16, 3, 6, 9, 5, 16, 'MAMAN SULAEMAN', '061100035', 'maman.sulaeman', 'MSN', 'maman.sulaeman@kalbenutritionals.com', '#N/A', 'default.png', '$2y$12$AZqgg65Z9qjrb1IDM1DAqOAGKCAXnxLmUZGO1Tt5nxeFkhrkcds3m', NULL, 1, 'ADMIN', '2023-04-13 04:11:19', 'ADMIN', '2023-04-13 04:15:59'),
(17, 3, 7, 27, 18, 17, 'ADE SAPRUDIN', '061200036', 'ade.saprudin', 'ASN', 'ade.saprudin@kalbenutritionals.com', '#N/A', 'default.png', '$2y$12$AZqgg65Z9qjrb1IDM1DAqOAGKCAXnxLmUZGO1Tt5nxeFkhrkcds3m', NULL, 1, 'ADMIN', '2023-04-13 04:11:19', 'ADMIN', '2023-04-13 04:15:59'),
(18, 3, 7, 27, 13, 18, 'ASEP CAHYAN', '061200037', 'asep.cahyan', 'ASC', 'asep.cahyan@kalbenutritionals.com', '#N/A', 'default.png', '$2y$12$AZqgg65Z9qjrb1IDM1DAqOAGKCAXnxLmUZGO1Tt5nxeFkhrkcds3m', NULL, 1, 'ADMIN', '2023-04-13 04:11:19', 'ADMIN', '2023-04-13 04:15:59'),
(19, 3, 7, 28, 16, 19, 'SAMIDI', '061200038', 'samidi.samidi', 'SMI', 'samidi.samidi@kalbenutritionals.com', '#N/A', 'default.png', '$2y$12$AZqgg65Z9qjrb1IDM1DAqOAGKCAXnxLmUZGO1Tt5nxeFkhrkcds3m', NULL, 1, 'ADMIN', '2023-04-13 04:11:19', 'ADMIN', '2023-04-13 04:15:59'),
(20, 3, 7, 26, 24, 20, 'SUNGATNO', '061200039', 'sungatno.hadi', 'SGO', 'sungatno.hadi@kalbenutritionals.com', '320', 'default.png', '$2y$12$AZqgg65Z9qjrb1IDM1DAqOAGKCAXnxLmUZGO1Tt5nxeFkhrkcds3m', NULL, 1, 'ADMIN', '2023-04-13 04:11:19', 'ADMIN', '2023-04-13 04:15:59'),
(21, 3, 7, 28, 24, 21, 'ZAINI', '061200040', 'zaini.zaini', 'ZII', 'zaini.zaini@kalbenutritionals.com', '236', 'default.png', '$2y$12$AZqgg65Z9qjrb1IDM1DAqOAGKCAXnxLmUZGO1Tt5nxeFkhrkcds3m', NULL, 1, 'ADMIN', '2023-04-13 04:11:19', 'ADMIN', '2023-04-13 04:15:59'),
(22, 3, 7, 28, 12, 22, 'MUNADIH', '061200041', 'munadih.munadih', 'MND', 'munadih.munadih@kalbenutritionals.com', '#N/A', 'default.png', '$2y$12$AZqgg65Z9qjrb1IDM1DAqOAGKCAXnxLmUZGO1Tt5nxeFkhrkcds3m', NULL, 1, 'ADMIN', '2023-04-13 04:11:19', 'ADMIN', '2023-04-13 04:15:59'),
(23, 3, 7, 27, 16, 8, 'NANDANG SUTISNA', '061200042', 'nandang.sutisna', 'NSA', 'nandang.sutisna@kalbenutritionals.com', '#N/A', 'default.png', '$2y$12$AZqgg65Z9qjrb1IDM1DAqOAGKCAXnxLmUZGO1Tt5nxeFkhrkcds3m', NULL, 1, 'ADMIN', '2023-04-13 04:11:19', 'ADMIN', '2023-04-13 04:15:59'),
(24, 3, 7, 27, 8, 23, 'YUNUS JOHN BILORO', '061200043', 'yunus.biloro', 'YJB', 'yunus.biloro@kalbenutritionals.com', '#N/A', 'default.png', '$2y$12$AZqgg65Z9qjrb1IDM1DAqOAGKCAXnxLmUZGO1Tt5nxeFkhrkcds3m', NULL, 1, 'ADMIN', '2023-04-13 04:11:19', 'ADMIN', '2023-04-13 04:15:59'),
(25, 3, 6, 8, 5, 24, 'KUSNADI RUDI', '061200045', 'kusnadi.rudi', 'KRI', 'kusnadi.rudi@kalbenutritionals.com', '#N/A', 'default.png', '$2y$12$AZqgg65Z9qjrb1IDM1DAqOAGKCAXnxLmUZGO1Tt5nxeFkhrkcds3m', NULL, 1, 'ADMIN', '2023-04-13 04:11:19', 'ADMIN', '2023-04-13 04:15:59'),
(26, 3, 9, 34, 23, 25, 'ADI SETIAHADI', '070100001', 'adi.setiahadi', 'ASI', 'adi.setiahadi@kalbenutritionals.com', '#N/A', 'default.png', '$2y$12$AZqgg65Z9qjrb1IDM1DAqOAGKCAXnxLmUZGO1Tt5nxeFkhrkcds3m', NULL, 1, 'ADMIN', '2023-04-13 04:11:19', 'ADMIN', '2023-04-13 04:15:59'),
(27, 3, 7, 26, 16, 26, 'AGUS TURANTO', '070100004', 'agus.turanto', 'ATO', 'agus.turanto@kalbenutritionals.com', '210', 'default.png', '$2y$12$AZqgg65Z9qjrb1IDM1DAqOAGKCAXnxLmUZGO1Tt5nxeFkhrkcds3m', NULL, 1, 'ADMIN', '2023-04-13 04:11:19', 'ADMIN', '2023-04-13 04:15:59'),
(28, 3, 6, 8, 4, 27, 'EKO WAHYUDI', '070100007', 'eko.wahyudi', 'EWI', 'eko.wahyudi@kalbenutritionals.com', '#N/A', 'default.png', '$2y$12$AZqgg65Z9qjrb1IDM1DAqOAGKCAXnxLmUZGO1Tt5nxeFkhrkcds3m', NULL, 1, 'ADMIN', '2023-04-13 04:11:19', 'ADMIN', '2023-04-13 04:15:59'),
(29, 3, 1, 3, 2, 28, 'AGUS RIYANTO', '070100013', 'agus.riyanto', 'ARO', 'agus.riyanto@kalbenutritionals.com', '720', 'default.png', '$2y$12$AZqgg65Z9qjrb1IDM1DAqOAGKCAXnxLmUZGO1Tt5nxeFkhrkcds3m', NULL, 1, 'ADMIN', '2023-04-13 04:11:19', 'ADMIN', '2023-04-13 04:15:59'),
(30, 3, 7, 27, 14, 29, 'RADEN ABBAS FAUZI', '070100015', 'raden.fauzi', 'RAF', 'raden.fauzi@kalbenutritionals.com', '#N/A', 'default.png', '$2y$12$AZqgg65Z9qjrb1IDM1DAqOAGKCAXnxLmUZGO1Tt5nxeFkhrkcds3m', NULL, 1, 'ADMIN', '2023-04-13 04:11:19', 'ADMIN', '2023-04-13 04:15:59'),
(31, 3, 7, 27, 16, 30, 'YUSUP HAMDANI', '070100024', 'yusuf.hamdani', 'YHI', 'yusuf.hamdani@kalbenutritionals.com', '#N/A', 'default.png', '$2y$12$AZqgg65Z9qjrb1IDM1DAqOAGKCAXnxLmUZGO1Tt5nxeFkhrkcds3m', NULL, 1, 'ADMIN', '2023-04-13 04:11:19', 'ADMIN', '2023-04-13 04:15:59'),
(32, 3, 7, 27, 18, 31, 'JAKARIA (SK)', '070200028', 'jakaria.(sk)', 'JSK', 'jakaria.(sk)@kalbenutritionals.com', '#N/A', 'default.png', '$2y$12$AZqgg65Z9qjrb1IDM1DAqOAGKCAXnxLmUZGO1Tt5nxeFkhrkcds3m', NULL, 1, 'ADMIN', '2023-04-13 04:11:19', 'ADMIN', '2023-04-13 04:15:59'),
(33, 3, 7, 27, 16, 32, 'RAHMAT NURHIDAYAT', '070200029', 'rahmat.nurhidayat', 'RNT', 'rahmat.nurhidayat@kalbenutritionals.com', '#N/A', 'default.png', '$2y$12$AZqgg65Z9qjrb1IDM1DAqOAGKCAXnxLmUZGO1Tt5nxeFkhrkcds3m', NULL, 1, 'ADMIN', '2023-04-13 04:11:19', 'ADMIN', '2023-04-13 04:15:59'),
(34, 3, 9, 35, 22, 33, 'ARDIAN', '070200030', 'ardian.ardian', 'ARN', 'ardian.ardian@kalbenutritionals.com', '#N/A', 'default.png', '$2y$12$AZqgg65Z9qjrb1IDM1DAqOAGKCAXnxLmUZGO1Tt5nxeFkhrkcds3m', NULL, 1, 'ADMIN', '2023-04-13 04:11:19', 'ADMIN', '2023-04-13 04:15:59'),
(35, 3, 9, 36, 22, 34, 'YULIANTO', '070200031', 'yulianto.yulianto', 'YLO', 'yulianto.yulianto@kalbenutritionals.com', '#N/A', 'default.png', '$2y$12$AZqgg65Z9qjrb1IDM1DAqOAGKCAXnxLmUZGO1Tt5nxeFkhrkcds3m', NULL, 1, 'ADMIN', '2023-04-13 04:11:19', 'ADMIN', '2023-04-13 04:15:59'),
(36, 3, 7, 27, 16, 32, 'ASEP HAEDAR', '070300033', 'asep.haedar', 'AHR', 'asep.haedar@kalbenutritionals.com', '#N/A', 'default.png', '$2y$12$AZqgg65Z9qjrb1IDM1DAqOAGKCAXnxLmUZGO1Tt5nxeFkhrkcds3m', NULL, 1, 'ADMIN', '2023-04-13 04:11:19', 'ADMIN', '2023-04-13 04:15:59'),
(37, 3, 5, 17, 8, 35, 'JOJON DARSONO YOGA JAYA', '070300036', 'jojon.jaya', 'JDY', 'jojon.jaya@kalbenutritionals.com', '#N/A', 'default.png', '$2y$12$AZqgg65Z9qjrb1IDM1DAqOAGKCAXnxLmUZGO1Tt5nxeFkhrkcds3m', NULL, 1, 'ADMIN', '2023-04-13 04:11:19', 'ADMIN', '2023-04-13 04:15:59'),
(38, 3, 9, 33, 17, 36, 'MARLENY PATANDUNG', '070400065', 'marleny.patandung', 'MPG', 'marleny.patandung@kalbenutritionals.com', '500', 'default.png', '$2y$12$AZqgg65Z9qjrb1IDM1DAqOAGKCAXnxLmUZGO1Tt5nxeFkhrkcds3m', NULL, 1, 'ADMIN', '2023-04-13 04:11:19', 'ADMIN', '2023-04-13 04:15:59'),
(39, 3, 9, 36, 22, 37, 'DWI ISDARYANTO', '070400068', 'dwi.isdaryanto', 'DIO', 'dwi.isdaryanto@kalbenutritionals.com', '513', 'default.png', '$2y$12$AZqgg65Z9qjrb1IDM1DAqOAGKCAXnxLmUZGO1Tt5nxeFkhrkcds3m', NULL, 1, 'ADMIN', '2023-04-13 04:11:19', 'ADMIN', '2023-04-13 04:15:59'),
(40, 3, 6, 8, 4, 11, 'NAFIS SURACHMAN', '070500078', 'nafis.surachman', 'NSN', 'nafis.surachman@kalbenutritionals.com', '#N/A', 'default.png', '$2y$12$AZqgg65Z9qjrb1IDM1DAqOAGKCAXnxLmUZGO1Tt5nxeFkhrkcds3m', NULL, 1, 'ADMIN', '2023-04-13 04:11:19', 'ADMIN', '2023-04-13 04:15:59'),
(41, 3, 8, 30, 20, 38, 'HENDI ISKANDAR', '070600083', 'hendi.iskandar', 'HIR', 'hendi.iskandar@kalbenutritionals.com', '310', 'default.png', '$2y$12$AZqgg65Z9qjrb1IDM1DAqOAGKCAXnxLmUZGO1Tt5nxeFkhrkcds3m', NULL, 1, 'ADMIN', '2023-04-13 04:11:19', 'ADMIN', '2023-04-13 04:15:59'),
(42, 3, 7, 27, 24, 39, 'ADE NANDAR', '080900029', 'ade.nandar', 'ANR', 'ade.nandar@kalbenutritionals.com', '#N/A', 'default.png', '$2y$12$AZqgg65Z9qjrb1IDM1DAqOAGKCAXnxLmUZGO1Tt5nxeFkhrkcds3m', NULL, 1, 'ADMIN', '2023-04-13 04:11:19', 'ADMIN', '2023-04-13 04:15:59'),
(43, 3, 7, 26, 12, 40, 'BUGI NOVRIYANTO', '080900030', 'bugi.novriyanto', 'BNO', 'bugi.novriyanto@kalbenutritionals.com', '220', 'default.png', '$2y$12$AZqgg65Z9qjrb1IDM1DAqOAGKCAXnxLmUZGO1Tt5nxeFkhrkcds3m', NULL, 1, 'ADMIN', '2023-04-13 04:11:19', 'ADMIN', '2023-04-13 04:15:59'),
(44, 3, 8, 32, 20, 41, 'DWI KURNIAWAN', '080900031', 'dwi.kurniawan', 'DKN', 'dwi.kurniawan@kalbenutritionals.com', '301', 'default.png', '$2y$12$AZqgg65Z9qjrb1IDM1DAqOAGKCAXnxLmUZGO1Tt5nxeFkhrkcds3m', NULL, 1, 'ADMIN', '2023-04-13 04:11:19', 'ADMIN', '2023-04-13 04:15:59'),
(45, 3, 1, 5, 1, 42, 'FEBI DIANA', '080900032', 'febi.diana', 'FDA', 'febi.diana@kalbenutritionals.com', '713', 'default.png', '$2y$12$AZqgg65Z9qjrb1IDM1DAqOAGKCAXnxLmUZGO1Tt5nxeFkhrkcds3m', NULL, 1, 'ADMIN', '2023-04-13 04:11:19', 'ADMIN', '2023-04-13 04:15:59'),
(46, 3, 7, 27, 24, 43, 'LINDA LABORA', '080900033', 'linda.labora', 'LLA', 'linda.labora@kalbenutritionals.com', '#N/A', 'default.png', '$2y$12$AZqgg65Z9qjrb1IDM1DAqOAGKCAXnxLmUZGO1Tt5nxeFkhrkcds3m', NULL, 1, 'ADMIN', '2023-04-13 04:11:19', 'ADMIN', '2023-04-13 04:15:59'),
(47, 3, 9, 36, 22, 44, 'DIAWAN', '081000037', 'diawan.diawan', 'DWN', 'diawan.diawan@kalbenutritionals.com', '511', 'default.png', '$2y$12$AZqgg65Z9qjrb1IDM1DAqOAGKCAXnxLmUZGO1Tt5nxeFkhrkcds3m', NULL, 1, 'ADMIN', '2023-04-13 04:11:19', 'ADMIN', '2023-04-13 04:15:59'),
(48, 3, 5, 17, 8, 45, 'HALILY SOFYAN AL HASAN', '090593002', 'halily.sofyan', 'HSN', 'halily.sofyan@kalbenutritionals.com', '811', 'default.png', '$2y$12$AZqgg65Z9qjrb1IDM1DAqOAGKCAXnxLmUZGO1Tt5nxeFkhrkcds3m', NULL, 1, 'ADMIN', '2023-04-13 04:11:19', 'ADMIN', '2023-04-13 04:15:59'),
(49, 3, 10, 20, 11, 46, 'AGUNG HARTANTO', '100192702', 'agung.hartanto', 'AHO', 'agung.hartanto@kalbenutritionals.com', '901', 'default.png', '$2y$12$AZqgg65Z9qjrb1IDM1DAqOAGKCAXnxLmUZGO1Tt5nxeFkhrkcds3m', NULL, 1, 'ADMIN', '2023-04-13 04:11:19', 'ADMIN', '2023-04-13 04:15:59'),
(50, 3, 1, 5, 2, 47, 'IKA OKTAFIANTI', '100192704', 'ika.oktafianti', 'IOI', 'ika.oktafianti@kalbenutritionals.com', '721', 'default.png', '$2y$12$AZqgg65Z9qjrb1IDM1DAqOAGKCAXnxLmUZGO1Tt5nxeFkhrkcds3m', NULL, 1, 'ADMIN', '2023-04-13 04:11:19', 'ADMIN', '2023-04-13 04:15:59'),
(51, 3, 7, 27, 16, 48, 'SAEPULLAH', '100192705', 'saepullah.saepullah', 'SPH', 'saepullah.saepullah@kalbenutritionals.com', '#N/A', 'default.png', '$2y$12$AZqgg65Z9qjrb1IDM1DAqOAGKCAXnxLmUZGO1Tt5nxeFkhrkcds3m', NULL, 1, 'ADMIN', '2023-04-13 04:11:19', 'ADMIN', '2023-04-13 04:15:59'),
(52, 3, 6, 7, 5, 49, 'BURHANUDIN', '100200007', 'burhanudin.burhanudin', 'BHN', 'burhanudin.burhanudin@kalbenutritionals.com', '410', 'default.png', '$2y$12$AZqgg65Z9qjrb1IDM1DAqOAGKCAXnxLmUZGO1Tt5nxeFkhrkcds3m', NULL, 1, 'ADMIN', '2023-04-13 04:11:19', 'ADMIN', '2023-04-13 04:15:59'),
(53, 3, 3, 21, 17, 50, 'NAZARUDIN RACHMAN SIDIK', '100300009', 'nazarudin.sidik', 'NRS', 'nazarudin.sidik@kalbenutritionals.com', '900', 'default.png', '$2y$12$AZqgg65Z9qjrb1IDM1DAqOAGKCAXnxLmUZGO1Tt5nxeFkhrkcds3m', NULL, 1, 'ADMIN', '2023-04-13 04:11:19', 'ADMIN', '2023-04-13 04:15:59'),
(54, 3, 8, 31, 21, 51, 'SEPTIAN EKO PRIATNA', '100492706', 'septian.priatna', 'SEP', 'septian.priatna@kalbenutritionals.com', '#N/A', 'default.png', '$2y$12$AZqgg65Z9qjrb1IDM1DAqOAGKCAXnxLmUZGO1Tt5nxeFkhrkcds3m', NULL, 1, 'ADMIN', '2023-04-13 04:11:19', 'ADMIN', '2023-04-13 04:15:59'),
(55, 3, 7, 28, 24, 52, 'DEDE DODI GINANJAR', '100892708', 'dede.ginanjar', 'DDG', 'dede.ginanjar@kalbenutritionals.com', '201', 'default.png', '$2y$12$AZqgg65Z9qjrb1IDM1DAqOAGKCAXnxLmUZGO1Tt5nxeFkhrkcds3m', NULL, 1, 'ADMIN', '2023-04-13 04:11:19', 'ADMIN', '2023-04-13 04:15:59'),
(56, 3, 7, 27, 24, 39, 'RAHMAT KURNIAWAN', '100892709', 'rahmat.kurniawan', 'RKN', 'rahmat.kurniawan@kalbenutritionals.com', '#N/A', 'default.png', '$2y$12$AZqgg65Z9qjrb1IDM1DAqOAGKCAXnxLmUZGO1Tt5nxeFkhrkcds3m', NULL, 1, 'ADMIN', '2023-04-13 04:11:19', 'ADMIN', '2023-04-13 04:15:59'),
(57, 3, 7, 27, 24, 39, 'SOLEHUDIN', '100892710', 'solehudin.solehudin', 'SLH', 'solehudin.solehudin@kalbenutritionals.com', '#N/A', 'default.png', '$2y$12$AZqgg65Z9qjrb1IDM1DAqOAGKCAXnxLmUZGO1Tt5nxeFkhrkcds3m', NULL, 1, 'ADMIN', '2023-04-13 04:11:19', 'ADMIN', '2023-04-13 04:15:59'),
(58, 3, 8, 32, 20, 53, 'SITI RIZKIANA NURANNISA', '100992711', 'siti.nurannisa', 'SRN', 'siti.nurannisa@kalbenutritionals.com', '311', 'default.png', '$2y$12$AZqgg65Z9qjrb1IDM1DAqOAGKCAXnxLmUZGO1Tt5nxeFkhrkcds3m', NULL, 1, 'ADMIN', '2023-04-13 04:11:19', 'ADMIN', '2023-04-13 04:15:59'),
(59, 3, 5, 17, 14, 54, 'AGA WALESSA', '110191206', 'aga.walessa', 'AWA', 'aga.walessa@kalbenutritionals.com', '801', 'default.png', '$2y$12$AZqgg65Z9qjrb1IDM1DAqOAGKCAXnxLmUZGO1Tt5nxeFkhrkcds3m', NULL, 1, 'ADMIN', '2023-04-13 04:11:19', 'ADMIN', '2023-04-13 04:15:59'),
(60, 3, 7, 27, 15, 55, 'MAULANA ABDUL SALIM', '110191207', 'maulana.salim', 'MAS', 'maulana.salim@kalbenutritionals.com', '#N/A', 'default.png', '$2y$12$AZqgg65Z9qjrb1IDM1DAqOAGKCAXnxLmUZGO1Tt5nxeFkhrkcds3m', NULL, 1, 'ADMIN', '2023-04-13 04:11:19', 'ADMIN', '2023-04-13 04:15:59'),
(61, 3, 7, 27, 15, 56, 'UUM UMBARA', '110191208', 'uum.umbara', 'UUA', 'uum.umbara@kalbenutritionals.com', '#N/A', 'default.png', '$2y$12$AZqgg65Z9qjrb1IDM1DAqOAGKCAXnxLmUZGO1Tt5nxeFkhrkcds3m', NULL, 1, 'ADMIN', '2023-04-13 04:11:19', 'ADMIN', '2023-04-13 04:15:59'),
(62, 3, 7, 27, 16, 57, 'YERI KUSNADI', '110191209', 'yeri.kusnadi', 'YKI', 'yeri.kusnadi@kalbenutritionals.com', '#N/A', 'default.png', '$2y$12$AZqgg65Z9qjrb1IDM1DAqOAGKCAXnxLmUZGO1Tt5nxeFkhrkcds3m', NULL, 1, 'ADMIN', '2023-04-13 04:11:19', 'ADMIN', '2023-04-13 04:15:59'),
(63, 3, 7, 27, 24, 10, 'ADE HUMAENI', '110891211', 'ade.humaeni', 'AHI', 'ade.humaeni@kalbenutritionals.com', '#N/A', 'default.png', '$2y$12$AZqgg65Z9qjrb1IDM1DAqOAGKCAXnxLmUZGO1Tt5nxeFkhrkcds3m', NULL, 1, 'ADMIN', '2023-04-13 04:11:19', 'ADMIN', '2023-04-13 04:15:59'),
(64, 3, 7, 27, 16, 58, 'MARKUS', '110891212', 'markus.markus', 'MRS', 'markus.markus@kalbenutritionals.com', '#N/A', 'default.png', '$2y$12$AZqgg65Z9qjrb1IDM1DAqOAGKCAXnxLmUZGO1Tt5nxeFkhrkcds3m', NULL, 1, 'ADMIN', '2023-04-13 04:11:19', 'ADMIN', '2023-04-13 04:15:59'),
(65, 3, 5, 14, 17, 59, 'HERMANSYAH', '110900055', 'hermansyah.hermansyah', 'HCO', 'hermansyah.hermansyah@kalbenutritionals.com', '800', 'default.png', '$2y$12$AZqgg65Z9qjrb1IDM1DAqOAGKCAXnxLmUZGO1Tt5nxeFkhrkcds3m', NULL, 1, 'ADMIN', '2023-04-13 04:11:19', 'ADMIN', '2023-04-13 04:15:59'),
(66, 3, 1, 3, 1, 60, 'SADHU PUTRI SUSANTI', '111200086', 'sadhu.susanti', 'SPS', 'sadhu.susanti@kalbenutritionals.com', '710', 'default.png', '$2y$12$AZqgg65Z9qjrb1IDM1DAqOAGKCAXnxLmUZGO1Tt5nxeFkhrkcds3m', NULL, 1, 'ADMIN', '2023-04-13 04:11:19', 'ADMIN', '2023-04-13 04:15:59'),
(67, 3, 7, 27, 15, 61, 'ADRI FIRMANSYAH', '120192502', 'adri.firmansyah', 'ADF', 'adri.firmansyah@kalbenutritionals.com', '#N/A', 'default.png', '$2y$12$AZqgg65Z9qjrb1IDM1DAqOAGKCAXnxLmUZGO1Tt5nxeFkhrkcds3m', NULL, 1, 'ADMIN', '2023-04-13 04:11:19', 'ADMIN', '2023-04-13 04:15:59'),
(68, 3, 7, 27, 17, 62, 'ARDISON', '120192503', 'ardison.ardison', 'SON', 'ardison.ardison@kalbenutritionals.com', '#N/A', 'default.png', '$2y$12$AZqgg65Z9qjrb1IDM1DAqOAGKCAXnxLmUZGO1Tt5nxeFkhrkcds3m', NULL, 1, 'ADMIN', '2023-04-13 04:11:19', 'ADMIN', '2023-04-13 04:15:59'),
(69, 3, 1, 4, 2, 7, 'EKO ARIES SANTOSO', '120192504', 'eko.santoso', 'EAS', 'eko.santoso@kalbenutritionals.com', '#N/A', 'default.png', '$2y$12$AZqgg65Z9qjrb1IDM1DAqOAGKCAXnxLmUZGO1Tt5nxeFkhrkcds3m', NULL, 1, 'ADMIN', '2023-04-13 04:11:19', 'ADMIN', '2023-04-13 04:15:59'),
(70, 3, 7, 27, 18, 63, 'JAJANG ABDUL ROHMAN', '120192505', 'jajang.rohman', 'JAR', 'jajang.rohman@kalbenutritionals.com', '#N/A', 'default.png', '$2y$12$AZqgg65Z9qjrb1IDM1DAqOAGKCAXnxLmUZGO1Tt5nxeFkhrkcds3m', NULL, 1, 'ADMIN', '2023-04-13 04:11:19', 'ADMIN', '2023-04-13 04:15:59'),
(71, 3, 7, 27, 7, 64, 'NURJANAH', '120192506', 'nurjanah.nurjanah', 'NJH', 'nurjanah.nurjanah@kalbenutritionals.com', '#N/A', 'default.png', '$2y$12$AZqgg65Z9qjrb1IDM1DAqOAGKCAXnxLmUZGO1Tt5nxeFkhrkcds3m', NULL, 1, 'ADMIN', '2023-04-13 04:11:19', 'ADMIN', '2023-04-13 04:15:59'),
(72, 3, 7, 27, 19, 65, 'SAEPUDIN', '120192507', 'saepudin.saepudin', 'SPD', 'saepudin.saepudin@kalbenutritionals.com', '#N/A', 'default.png', '$2y$12$AZqgg65Z9qjrb1IDM1DAqOAGKCAXnxLmUZGO1Tt5nxeFkhrkcds3m', NULL, 1, 'ADMIN', '2023-04-13 04:11:19', 'ADMIN', '2023-04-13 04:15:59'),
(73, 3, 7, 27, 12, 66, 'TARMAN SUTISNA', '120192508', 'tarman.sutisna', 'UGI', 'tarman.sutisna@kalbenutritionals.com', '#N/A', 'default.png', '$2y$12$AZqgg65Z9qjrb1IDM1DAqOAGKCAXnxLmUZGO1Tt5nxeFkhrkcds3m', NULL, 1, 'ADMIN', '2023-04-13 04:11:19', 'ADMIN', '2023-04-13 04:15:59'),
(74, 3, 7, 27, 14, 18, 'USEP YUSEPA', '120192509', 'usep.yusepa', 'UYA', 'usep.yusepa@kalbenutritionals.com', '#N/A', 'default.png', '$2y$12$AZqgg65Z9qjrb1IDM1DAqOAGKCAXnxLmUZGO1Tt5nxeFkhrkcds3m', NULL, 1, 'ADMIN', '2023-04-13 04:11:19', 'ADMIN', '2023-04-13 04:15:59'),
(75, 3, 7, 27, 19, 67, 'YAYAT HIDAYAT', '120192510', 'yayat.hidayat', 'YHT', 'yayat.hidayat@kalbenutritionals.com', '#N/A', 'default.png', '$2y$12$AZqgg65Z9qjrb1IDM1DAqOAGKCAXnxLmUZGO1Tt5nxeFkhrkcds3m', NULL, 1, 'ADMIN', '2023-04-13 04:11:19', 'ADMIN', '2023-04-13 04:15:59'),
(76, 3, 5, 15, 8, 68, 'AGUNG JOKO SUPRIHANTO', '120200010', 'agung.suprihanto', 'AJS', 'agung.suprihanto@kalbenutritionals.com', '820', 'default.png', '$2y$12$AZqgg65Z9qjrb1IDM1DAqOAGKCAXnxLmUZGO1Tt5nxeFkhrkcds3m', NULL, 1, 'ADMIN', '2023-04-13 04:11:19', 'ADMIN', '2023-04-13 04:15:59'),
(77, 3, 7, 27, 24, 69, 'AHMAD SAHRONI', '120292511', 'ahmad.sahroni', 'ASR', 'ahmad.sahroni@kalbenutritionals.com', '202', 'default.png', '$2y$12$AZqgg65Z9qjrb1IDM1DAqOAGKCAXnxLmUZGO1Tt5nxeFkhrkcds3m', NULL, 1, 'ADMIN', '2023-04-13 04:11:19', 'ADMIN', '2023-04-13 04:15:59'),
(78, 3, 8, 31, 20, 70, 'DENY SUPRAPTO', '120292512', 'deny.suprapto', 'DSO', 'deny.suprapto@kalbenutritionals.com', '#N/A', 'default.png', '$2y$12$AZqgg65Z9qjrb1IDM1DAqOAGKCAXnxLmUZGO1Tt5nxeFkhrkcds3m', NULL, 1, 'ADMIN', '2023-04-13 04:11:19', 'ADMIN', '2023-04-13 04:15:59'),
(79, 3, 7, 27, 19, 65, 'DIAN SANJAYA', '120292513', 'dian.sanjaya', 'DSA', 'dian.sanjaya@kalbenutritionals.com', '#N/A', 'default.png', '$2y$12$AZqgg65Z9qjrb1IDM1DAqOAGKCAXnxLmUZGO1Tt5nxeFkhrkcds3m', NULL, 1, 'ADMIN', '2023-04-13 04:11:19', 'ADMIN', '2023-04-13 04:15:59'),
(80, 3, 7, 27, 16, 48, 'HERMAWAN', '120292514', 'hermawan.hermawan', 'HMN', 'hermawan.hermawan@kalbenutritionals.com', '#N/A', 'default.png', '$2y$12$AZqgg65Z9qjrb1IDM1DAqOAGKCAXnxLmUZGO1Tt5nxeFkhrkcds3m', NULL, 1, 'ADMIN', '2023-04-13 04:11:19', 'ADMIN', '2023-04-13 04:15:59'),
(81, 3, 5, 16, 17, 71, 'RUDI SUGIARTO', '120292515', 'rudi.sugiarto', 'RSO', 'rudi.sugiarto@kalbenutritionals.com', '821', 'default.png', '$2y$12$AZqgg65Z9qjrb1IDM1DAqOAGKCAXnxLmUZGO1Tt5nxeFkhrkcds3m', NULL, 1, 'ADMIN', '2023-04-13 04:11:19', 'ADMIN', '2023-04-13 04:15:59'),
(82, 3, 7, 27, 16, 32, 'YAYAT NURHIDAYAT', '120292516', 'yayat.nurhidayat', 'YNT', 'yayat.nurhidayat@kalbenutritionals.com', '#N/A', 'default.png', '$2y$12$AZqgg65Z9qjrb1IDM1DAqOAGKCAXnxLmUZGO1Tt5nxeFkhrkcds3m', NULL, 1, 'ADMIN', '2023-04-13 04:11:19', 'ADMIN', '2023-04-13 04:15:59'),
(83, 3, 10, 23, 10, 72, 'YUANITA JOHAN', '120292517', 'yuanita.johan', 'YJN', 'yuanita.johan@kalbenutritionals.com', '920', 'default.png', '$2y$12$AZqgg65Z9qjrb1IDM1DAqOAGKCAXnxLmUZGO1Tt5nxeFkhrkcds3m', NULL, 1, 'ADMIN', '2023-04-13 04:11:19', 'ADMIN', '2023-04-13 04:15:59'),
(84, 3, 1, 4, 1, 73, 'ZAINI ARDHIANSYAH', '120292518', 'zaini.ardhiansyah', 'ZAH', 'zaini.ardhiansyah@kalbenutritionals.com', '712', 'default.png', '$2y$12$AZqgg65Z9qjrb1IDM1DAqOAGKCAXnxLmUZGO1Tt5nxeFkhrkcds3m', NULL, 1, 'ADMIN', '2023-04-13 04:11:19', 'ADMIN', '2023-04-13 04:15:59'),
(85, 3, 10, 18, 11, 74, 'AKHMAD MAKHALI', '120500031', 'akhmad.makhali', 'AMI', 'akhmad.makhali@kalbenutritionals.com', '910', 'default.png', '$2y$12$AZqgg65Z9qjrb1IDM1DAqOAGKCAXnxLmUZGO1Tt5nxeFkhrkcds3m', NULL, 1, 'ADMIN', '2023-04-13 04:11:19', 'ADMIN', '2023-04-13 04:15:59'),
(86, 3, 1, 5, 2, 75, 'DINA MUSTIKA WENI', '120692519', 'dina.weni', 'DMW', 'dina.weni@kalbenutritionals.com', '#N/A', 'default.png', '$2y$12$AZqgg65Z9qjrb1IDM1DAqOAGKCAXnxLmUZGO1Tt5nxeFkhrkcds3m', NULL, 1, 'ADMIN', '2023-04-13 04:11:19', 'ADMIN', '2023-04-13 04:15:59'),
(87, 3, 9, 35, 22, 33, 'WEMPI NUR HIDAYAT', '120692521', 'wempi.hidayat', 'WNH', 'wempi.hidayat@kalbenutritionals.com', '#N/A', 'default.png', '$2y$12$AZqgg65Z9qjrb1IDM1DAqOAGKCAXnxLmUZGO1Tt5nxeFkhrkcds3m', NULL, 1, 'ADMIN', '2023-04-13 04:11:19', 'ADMIN', '2023-04-13 04:15:59'),
(88, 3, 7, 27, 18, 17, 'KARYA SETIAWAN', '120892522', 'karya.setiawan', 'KSN', 'karya.setiawan@kalbenutritionals.com', '#N/A', 'default.png', '$2y$12$AZqgg65Z9qjrb1IDM1DAqOAGKCAXnxLmUZGO1Tt5nxeFkhrkcds3m', NULL, 1, 'ADMIN', '2023-04-13 04:11:19', 'ADMIN', '2023-04-13 04:15:59'),
(89, 3, 9, 35, 23, 76, 'MUKTI WIBOWO', '120892523', 'mukti.wibowo', 'MWO', 'mukti.wibowo@kalbenutritionals.com', '501', 'default.png', '$2y$12$AZqgg65Z9qjrb1IDM1DAqOAGKCAXnxLmUZGO1Tt5nxeFkhrkcds3m', NULL, 1, 'ADMIN', '2023-04-13 04:11:19', 'ADMIN', '2023-04-13 04:15:59'),
(90, 3, 6, 8, 4, 77, 'VICKRY JANI HARIYANTO', '120892524', 'vickry.hariyanto', 'VJH', 'vickry.hariyanto@kalbenutritionals.com', '#N/A', 'default.png', '$2y$12$AZqgg65Z9qjrb1IDM1DAqOAGKCAXnxLmUZGO1Tt5nxeFkhrkcds3m', NULL, 1, 'ADMIN', '2023-04-13 04:11:19', 'ADMIN', '2023-04-13 04:15:59'),
(91, 3, 7, 27, 24, 78, 'ARDIKA FAUDIN', '120992525', 'ardika.faudin', 'AFN', 'ardika.faudin@kalbenutritionals.com', '221', 'default.png', '$2y$12$AZqgg65Z9qjrb1IDM1DAqOAGKCAXnxLmUZGO1Tt5nxeFkhrkcds3m', NULL, 1, 'ADMIN', '2023-04-13 04:11:19', 'ADMIN', '2023-04-13 04:15:59'),
(92, 3, 9, 35, 22, 79, 'BAYU SEPTO PRASETYO', '120992526', 'bayu.prasetyo', 'BSP', 'bayu.prasetyo@kalbenutritionals.com', '#N/A', 'default.png', '$2y$12$AZqgg65Z9qjrb1IDM1DAqOAGKCAXnxLmUZGO1Tt5nxeFkhrkcds3m', NULL, 1, 'ADMIN', '2023-04-13 04:11:19', 'ADMIN', '2023-04-13 04:15:59'),
(93, 3, 6, 8, 4, 11, 'BUDI MAULANA NUGRAHA', '121092527', 'budi.nugraha', 'BMN', 'budi.nugraha@kalbenutritionals.com', '#N/A', 'default.png', '$2y$12$AZqgg65Z9qjrb1IDM1DAqOAGKCAXnxLmUZGO1Tt5nxeFkhrkcds3m', NULL, 1, 'ADMIN', '2023-04-13 04:11:19', 'ADMIN', '2023-04-13 04:15:59'),
(94, 3, 8, 31, 20, 80, 'DODI ISKANDAR', '121092528', 'dodi.iskandar', 'DIR', 'dodi.iskandar@kalbenutritionals.com', '#N/A', 'default.png', '$2y$12$AZqgg65Z9qjrb1IDM1DAqOAGKCAXnxLmUZGO1Tt5nxeFkhrkcds3m', NULL, 1, 'ADMIN', '2023-04-13 04:11:19', 'ADMIN', '2023-04-13 04:15:59'),
(95, 3, 7, 27, 16, 12, 'SUSANTO RONNI', '121092529', 'susanto.ronni', 'SRI', 'susanto.ronni@kalbenutritionals.com', '#N/A', 'default.png', '$2y$12$AZqgg65Z9qjrb1IDM1DAqOAGKCAXnxLmUZGO1Tt5nxeFkhrkcds3m', NULL, 1, 'ADMIN', '2023-04-13 04:11:19', 'ADMIN', '2023-04-13 04:15:59'),
(96, 3, 7, 27, 13, 29, 'DEDE KUSNANDAR', '121192530', 'dede.kusnandar', 'DDK', 'dede.kusnandar@kalbenutritionals.com', '#N/A', 'default.png', '$2y$12$AZqgg65Z9qjrb1IDM1DAqOAGKCAXnxLmUZGO1Tt5nxeFkhrkcds3m', NULL, 1, 'ADMIN', '2023-04-13 04:11:19', 'ADMIN', '2023-04-13 04:15:59'),
(97, 3, 7, 27, 19, 81, 'GUMILAR INDRA FEBRIANSYAH', '121192531', 'gumilar.febriansyah', 'GIF', 'gumilar.febriansyah@kalbenutritionals.com', '#N/A', 'default.png', '$2y$12$AZqgg65Z9qjrb1IDM1DAqOAGKCAXnxLmUZGO1Tt5nxeFkhrkcds3m', NULL, 1, 'ADMIN', '2023-04-13 04:11:19', 'ADMIN', '2023-04-13 04:15:59'),
(98, 3, 7, 27, 12, 29, 'KARNAEN', '121192532', 'karnaen.karnaen', 'KRN', 'karnaen.karnaen@kalbenutritionals.com', '#N/A', 'default.png', '$2y$12$AZqgg65Z9qjrb1IDM1DAqOAGKCAXnxLmUZGO1Tt5nxeFkhrkcds3m', NULL, 1, 'ADMIN', '2023-04-13 04:11:19', 'ADMIN', '2023-04-13 04:15:59'),
(99, 3, 7, 27, 14, 29, 'MUHAMMAD SHANDI SUMANTRI', '121192533', 'muhammad.sumantri', 'MSS', 'muhammad.sumantri@kalbenutritionals.com', '#N/A', 'default.png', '$2y$12$AZqgg65Z9qjrb1IDM1DAqOAGKCAXnxLmUZGO1Tt5nxeFkhrkcds3m', NULL, 1, 'ADMIN', '2023-04-13 04:11:19', 'ADMIN', '2023-04-13 04:15:59'),
(100, 3, 8, 31, 20, 80, 'ONDI NUGROHO', '121192534', 'ondi.nugroho', 'ONO', 'ondi.nugroho@kalbenutritionals.com', '#N/A', 'default.png', '$2y$12$AZqgg65Z9qjrb1IDM1DAqOAGKCAXnxLmUZGO1Tt5nxeFkhrkcds3m', NULL, 1, 'ADMIN', '2023-04-13 04:11:19', 'ADMIN', '2023-04-13 04:15:59'),
(101, 3, 7, 27, 12, 82, 'RISNAWATI', '121192535', 'risnawati.risnawati', 'RSN', 'risnawati.risnawati@kalbenutritionals.com', '#N/A', 'default.png', '$2y$12$AZqgg65Z9qjrb1IDM1DAqOAGKCAXnxLmUZGO1Tt5nxeFkhrkcds3m', NULL, 1, 'ADMIN', '2023-04-13 04:11:19', 'ADMIN', '2023-04-13 04:15:59'),
(102, 3, 7, 27, 13, 29, 'RUDI RAHMAN', '121192536', 'rudi.rahman', 'RRN', 'rudi.rahman@kalbenutritionals.com', '#N/A', 'default.png', '$2y$12$AZqgg65Z9qjrb1IDM1DAqOAGKCAXnxLmUZGO1Tt5nxeFkhrkcds3m', NULL, 1, 'ADMIN', '2023-04-13 04:11:19', 'ADMIN', '2023-04-13 04:15:59'),
(103, 3, 7, 27, 12, 18, 'SUGIANTO', '121192537', 'sugianto.sugianto', 'SHT', 'sugianto.sugianto@kalbenutritionals.com', '#N/A', 'default.png', '$2y$12$AZqgg65Z9qjrb1IDM1DAqOAGKCAXnxLmUZGO1Tt5nxeFkhrkcds3m', NULL, 1, 'ADMIN', '2023-04-13 04:11:19', 'ADMIN', '2023-04-13 04:15:59'),
(104, 3, 7, 27, 19, 29, 'SULISWANTO', '121192538', 'suliswanto.suliswanto', 'SWO', 'suliswanto.suliswanto@kalbenutritionals.com', '#N/A', 'default.png', '$2y$12$AZqgg65Z9qjrb1IDM1DAqOAGKCAXnxLmUZGO1Tt5nxeFkhrkcds3m', NULL, 1, 'ADMIN', '2023-04-13 04:11:19', 'ADMIN', '2023-04-13 04:15:59'),
(105, 3, 7, 27, 14, 65, 'YUSUP SYAHRONI', '121192539', 'yusup.syahroni', 'YSI', 'yusup.syahroni@kalbenutritionals.com', '#N/A', 'default.png', '$2y$12$AZqgg65Z9qjrb1IDM1DAqOAGKCAXnxLmUZGO1Tt5nxeFkhrkcds3m', NULL, 1, 'ADMIN', '2023-04-13 04:11:19', 'ADMIN', '2023-04-13 04:15:59'),
(106, 3, 7, 27, 13, 29, 'ZENAL MULYANA', '121192540', 'zenal.mulyana', 'ZMA', 'zenal.mulyana@kalbenutritionals.com', '#N/A', 'default.png', '$2y$12$AZqgg65Z9qjrb1IDM1DAqOAGKCAXnxLmUZGO1Tt5nxeFkhrkcds3m', NULL, 1, 'ADMIN', '2023-04-13 04:11:19', 'ADMIN', '2023-04-13 04:15:59'),
(107, 3, 8, 31, 21, 83, 'RIESTA SHASYA FAUZIAH', '121192541', 'riesta.fauziah', 'RSF', 'riesta.fauziah@kalbenutritionals.com', '#N/A', 'default.png', '$2y$12$AZqgg65Z9qjrb1IDM1DAqOAGKCAXnxLmUZGO1Tt5nxeFkhrkcds3m', NULL, 1, 'ADMIN', '2023-04-13 04:11:19', 'ADMIN', '2023-04-13 04:15:59'),
(108, 3, 7, 25, 17, 84, 'AMBAR KUSUMO NUGROHO', '130100005', 'ambar.nugroho', 'AKN', 'ambar.nugroho@kalbenutritionals.com', '200', 'default.png', '$2y$12$AZqgg65Z9qjrb1IDM1DAqOAGKCAXnxLmUZGO1Tt5nxeFkhrkcds3m', NULL, 1, 'ADMIN', '2023-04-13 04:11:19', 'ADMIN', '2023-04-13 04:15:59'),
(109, 3, 7, 27, 17, 62, 'ADE NANA SUMARNA', '130193003', 'ade.sumarna', 'ANS', 'ade.sumarna@kalbenutritionals.com', '#N/A', 'default.png', '$2y$12$AZqgg65Z9qjrb1IDM1DAqOAGKCAXnxLmUZGO1Tt5nxeFkhrkcds3m', NULL, 1, 'ADMIN', '2023-04-13 04:11:19', 'ADMIN', '2023-04-13 04:15:59'),
(110, 3, 9, 35, 22, 85, 'AGUS AKBAR', '130193004', 'agus.akbar', 'AAR', 'agus.akbar@kalbenutritionals.com', '#N/A', 'default.png', '$2y$12$AZqgg65Z9qjrb1IDM1DAqOAGKCAXnxLmUZGO1Tt5nxeFkhrkcds3m', NULL, 1, 'ADMIN', '2023-04-13 04:11:19', 'ADMIN', '2023-04-13 04:15:59'),
(111, 3, 6, 8, 5, 86, 'AGUS PRASETIYO', '130193005', 'agus.prasetiyo', 'APO', 'agus.prasetiyo@kalbenutritionals.com', '#N/A', 'default.png', '$2y$12$AZqgg65Z9qjrb1IDM1DAqOAGKCAXnxLmUZGO1Tt5nxeFkhrkcds3m', NULL, 1, 'ADMIN', '2023-04-13 04:11:19', 'ADMIN', '2023-04-13 04:15:59'),
(112, 3, 7, 27, 16, 58, 'APANDI', '130193006', 'apandi.apandi', 'API', 'apandi.apandi@kalbenutritionals.com', '#N/A', 'default.png', '$2y$12$AZqgg65Z9qjrb1IDM1DAqOAGKCAXnxLmUZGO1Tt5nxeFkhrkcds3m', NULL, 1, 'ADMIN', '2023-04-13 04:11:19', 'ADMIN', '2023-04-13 04:15:59'),
(113, 3, 7, 27, 14, 82, 'ASMI LASARI', '130193007', 'asmi.lasari', 'AMI', 'asmi.lasari@kalbenutritionals.com', '#N/A', 'default.png', '$2y$12$AZqgg65Z9qjrb1IDM1DAqOAGKCAXnxLmUZGO1Tt5nxeFkhrkcds3m', NULL, 1, 'ADMIN', '2023-04-13 04:11:19', 'ADMIN', '2023-04-13 04:15:59'),
(114, 3, 9, 35, 22, 79, 'DANI PURWANEGARA', '130193008', 'dani.purwanegara', 'DPA', 'dani.purwanegara@kalbenutritionals.com', '#N/A', 'default.png', '$2y$12$AZqgg65Z9qjrb1IDM1DAqOAGKCAXnxLmUZGO1Tt5nxeFkhrkcds3m', NULL, 1, 'ADMIN', '2023-04-13 04:11:19', 'ADMIN', '2023-04-13 04:15:59'),
(115, 3, 7, 27, 18, 63, 'DEDEN SETIA JAYA SOMANTRI', '130193009', 'deden.somantri', 'DSJ', 'deden.somantri@kalbenutritionals.com', '#N/A', 'default.png', '$2y$12$AZqgg65Z9qjrb1IDM1DAqOAGKCAXnxLmUZGO1Tt5nxeFkhrkcds3m', NULL, 1, 'ADMIN', '2023-04-13 04:11:19', 'ADMIN', '2023-04-13 04:15:59'),
(116, 3, 7, 27, 12, 87, 'DEVI SAFITRI SUNDARI', '130193010', 'devi.sundari', 'DSS', 'devi.sundari@kalbenutritionals.com', '#N/A', 'default.png', '$2y$12$AZqgg65Z9qjrb1IDM1DAqOAGKCAXnxLmUZGO1Tt5nxeFkhrkcds3m', NULL, 1, 'ADMIN', '2023-04-13 04:11:19', 'ADMIN', '2023-04-13 04:15:59'),
(117, 3, 7, 27, 16, 88, 'DIDI SUPRIADI', '130193011', 'didi.supriadi', 'DSI', 'didi.supriadi@kalbenutritionals.com', '#N/A', 'default.png', '$2y$12$AZqgg65Z9qjrb1IDM1DAqOAGKCAXnxLmUZGO1Tt5nxeFkhrkcds3m', NULL, 1, 'ADMIN', '2023-04-13 04:11:19', 'ADMIN', '2023-04-13 04:15:59'),
(118, 3, 7, 27, 19, 29, 'DWIKI ARIA DARMAWAN', '130193012', 'dwiki.darmawan', 'DAD', 'dwiki.darmawan@kalbenutritionals.com', '#N/A', 'default.png', '$2y$12$AZqgg65Z9qjrb1IDM1DAqOAGKCAXnxLmUZGO1Tt5nxeFkhrkcds3m', NULL, 1, 'ADMIN', '2023-04-13 04:11:19', 'ADMIN', '2023-04-13 04:15:59'),
(119, 3, 6, 8, 5, 24, 'ERFAN KIMA BAHTERA', '130193013', 'erfan.bahtera', 'EKB', 'erfan.bahtera@kalbenutritionals.com', '#N/A', 'default.png', '$2y$12$AZqgg65Z9qjrb1IDM1DAqOAGKCAXnxLmUZGO1Tt5nxeFkhrkcds3m', NULL, 1, 'ADMIN', '2023-04-13 04:11:19', 'ADMIN', '2023-04-13 04:15:59'),
(120, 3, 8, 31, 20, 70, 'ERIS MOCHAMAD FIRDAUS', '130193014', 'eris.firdaus', 'EMF', 'eris.firdaus@kalbenutritionals.com', '#N/A', 'default.png', '$2y$12$AZqgg65Z9qjrb1IDM1DAqOAGKCAXnxLmUZGO1Tt5nxeFkhrkcds3m', NULL, 1, 'ADMIN', '2023-04-13 04:11:19', 'ADMIN', '2023-04-13 04:15:59'),
(121, 3, 8, 31, 21, 51, 'FARIZ FAUZI PRATAMA', '130193015', 'fariz.pratama', 'FFP', 'fariz.pratama@kalbenutritionals.com', '#N/A', 'default.png', '$2y$12$AZqgg65Z9qjrb1IDM1DAqOAGKCAXnxLmUZGO1Tt5nxeFkhrkcds3m', NULL, 1, 'ADMIN', '2023-04-13 04:11:19', 'ADMIN', '2023-04-13 04:15:59'),
(122, 3, 7, 27, 13, 29, 'FEBRIANGGONO DANNY SETIYADI', '130193016', 'febrianggono.setiyadi', 'FDS', 'febrianggono.setiyadi@kalbenutritionals.com', '#N/A', 'default.png', '$2y$12$AZqgg65Z9qjrb1IDM1DAqOAGKCAXnxLmUZGO1Tt5nxeFkhrkcds3m', NULL, 1, 'ADMIN', '2023-04-13 04:11:19', 'ADMIN', '2023-04-13 04:15:59'),
(123, 3, 9, 36, 23, 89, 'HADI', '130193017', 'hadi.hadi', 'HDI', 'hadi.hadi@kalbenutritionals.com', '#N/A', 'default.png', '$2y$12$AZqgg65Z9qjrb1IDM1DAqOAGKCAXnxLmUZGO1Tt5nxeFkhrkcds3m', NULL, 1, 'ADMIN', '2023-04-13 04:11:19', 'ADMIN', '2023-04-13 04:15:59'),
(124, 3, 7, 27, 14, 29, 'HERU AHMAD SAPRUDIN', '130193018', 'heru.saprudin', 'HAS', 'heru.saprudin@kalbenutritionals.com', '#N/A', 'default.png', '$2y$12$AZqgg65Z9qjrb1IDM1DAqOAGKCAXnxLmUZGO1Tt5nxeFkhrkcds3m', NULL, 1, 'ADMIN', '2023-04-13 04:11:19', 'ADMIN', '2023-04-13 04:15:59'),
(125, 3, 7, 27, 16, 57, 'JAKARIA (CK)', '130193019', 'jakaria.(ck)', 'JCK', 'jakaria.(ck)@kalbenutritionals.com', '#N/A', 'default.png', '$2y$12$AZqgg65Z9qjrb1IDM1DAqOAGKCAXnxLmUZGO1Tt5nxeFkhrkcds3m', NULL, 1, 'ADMIN', '2023-04-13 04:11:19', 'ADMIN', '2023-04-13 04:15:59'),
(126, 3, 9, 35, 23, 90, 'KANDA', '130193020', 'kanda.kanda', 'KNA', 'kanda.kanda@kalbenutritionals.com', '#N/A', 'default.png', '$2y$12$AZqgg65Z9qjrb1IDM1DAqOAGKCAXnxLmUZGO1Tt5nxeFkhrkcds3m', NULL, 1, 'ADMIN', '2023-04-13 04:11:19', 'ADMIN', '2023-04-13 04:15:59'),
(127, 3, 9, 35, 22, 85, 'KUSNADI', '130193021', 'kusnadi.kusnadi', 'KSI', 'kusnadi.kusnadi@kalbenutritionals.com', '#N/A', 'default.png', '$2y$12$AZqgg65Z9qjrb1IDM1DAqOAGKCAXnxLmUZGO1Tt5nxeFkhrkcds3m', NULL, 1, 'ADMIN', '2023-04-13 04:11:19', 'ADMIN', '2023-04-13 04:15:59'),
(128, 3, 7, 27, 14, 29, 'MADA', '130193022', 'mada.mada', 'MDA', 'mada.mada@kalbenutritionals.com', '#N/A', 'default.png', '$2y$12$AZqgg65Z9qjrb1IDM1DAqOAGKCAXnxLmUZGO1Tt5nxeFkhrkcds3m', NULL, 1, 'ADMIN', '2023-04-13 04:11:19', 'ADMIN', '2023-04-13 04:15:59'),
(129, 3, 7, 27, 18, 63, 'MUHAMAD SYAIFUL ANWAR', '130193023', 'muhamad.anwar', 'MSA', 'muhamad.anwar@kalbenutritionals.com', '#N/A', 'default.png', '$2y$12$AZqgg65Z9qjrb1IDM1DAqOAGKCAXnxLmUZGO1Tt5nxeFkhrkcds3m', NULL, 1, 'ADMIN', '2023-04-13 04:11:19', 'ADMIN', '2023-04-13 04:15:59'),
(130, 3, 7, 27, 16, 58, 'NUR FAJRI', '130193024', 'nur.fajri', 'NFI', 'nur.fajri@kalbenutritionals.com', '#N/A', 'default.png', '$2y$12$AZqgg65Z9qjrb1IDM1DAqOAGKCAXnxLmUZGO1Tt5nxeFkhrkcds3m', NULL, 1, 'ADMIN', '2023-04-13 04:11:19', 'ADMIN', '2023-04-13 04:15:59'),
(131, 3, 6, 8, 5, 24, 'PRIYANTO', '130193025', 'priyanto.priyanto', 'PYO', 'priyanto.priyanto@kalbenutritionals.com', '#N/A', 'default.png', '$2y$12$AZqgg65Z9qjrb1IDM1DAqOAGKCAXnxLmUZGO1Tt5nxeFkhrkcds3m', NULL, 1, 'ADMIN', '2023-04-13 04:11:19', 'ADMIN', '2023-04-13 04:15:59'),
(132, 3, 7, 27, 16, 91, 'RIDWAN', '130193026', 'ridwan.ridwan', 'RDN', 'ridwan.ridwan@kalbenutritionals.com', '#N/A', 'default.png', '$2y$12$AZqgg65Z9qjrb1IDM1DAqOAGKCAXnxLmUZGO1Tt5nxeFkhrkcds3m', NULL, 1, 'ADMIN', '2023-04-13 04:11:19', 'ADMIN', '2023-04-13 04:15:59'),
(133, 3, 7, 27, 15, 82, 'RUDI SETIAWAN', '130193027', 'rudi.setiawan', 'RSN', 'rudi.setiawan@kalbenutritionals.com', '#N/A', 'default.png', '$2y$12$AZqgg65Z9qjrb1IDM1DAqOAGKCAXnxLmUZGO1Tt5nxeFkhrkcds3m', NULL, 1, 'ADMIN', '2023-04-13 04:11:19', 'ADMIN', '2023-04-13 04:15:59'),
(134, 3, 6, 8, 5, 24, 'SAMSIANTO', '130193028', 'samsianto.samsianto', 'SSO', 'samsianto.samsianto@kalbenutritionals.com', '#N/A', 'default.png', '$2y$12$AZqgg65Z9qjrb1IDM1DAqOAGKCAXnxLmUZGO1Tt5nxeFkhrkcds3m', NULL, 1, 'ADMIN', '2023-04-13 04:11:19', 'ADMIN', '2023-04-13 04:15:59'),
(135, 3, 7, 27, 17, 62, 'SHANDY ASMARA', '130193029', 'shandy.asmara', 'SAA', 'shandy.asmara@kalbenutritionals.com', '#N/A', 'default.png', '$2y$12$AZqgg65Z9qjrb1IDM1DAqOAGKCAXnxLmUZGO1Tt5nxeFkhrkcds3m', NULL, 1, 'ADMIN', '2023-04-13 04:11:19', 'ADMIN', '2023-04-13 04:15:59'),
(136, 3, 7, 27, 12, 92, 'SUDARWANTO', '130193030', 'sudarwanto.sudarwanto', 'SDW', 'sudarwanto.sudarwanto@kalbenutritionals.com', '#N/A', 'default.png', '$2y$12$AZqgg65Z9qjrb1IDM1DAqOAGKCAXnxLmUZGO1Tt5nxeFkhrkcds3m', NULL, 1, 'ADMIN', '2023-04-13 04:11:19', 'ADMIN', '2023-04-13 04:15:59'),
(137, 3, 9, 35, 22, 93, 'SUHERI', '130193031', 'suheri.suheri', 'SHI', 'suheri.suheri@kalbenutritionals.com', '#N/A', 'default.png', '$2y$12$AZqgg65Z9qjrb1IDM1DAqOAGKCAXnxLmUZGO1Tt5nxeFkhrkcds3m', NULL, 1, 'ADMIN', '2023-04-13 04:11:19', 'ADMIN', '2023-04-13 04:15:59'),
(138, 3, 7, 27, 12, 94, 'SYAHRUL HIDAYAT', '130193033', 'syahrul.hidayat', 'TSA', 'syahrul.hidayat@kalbenutritionals.com', '#N/A', 'default.png', '$2y$12$AZqgg65Z9qjrb1IDM1DAqOAGKCAXnxLmUZGO1Tt5nxeFkhrkcds3m', NULL, 1, 'ADMIN', '2023-04-13 04:11:19', 'ADMIN', '2023-04-13 04:15:59'),
(139, 3, 6, 8, 5, 24, 'WARDI SAEPUDIN', '130193034', 'wardi.saepudin', 'WSN', 'wardi.saepudin@kalbenutritionals.com', '#N/A', 'default.png', '$2y$12$AZqgg65Z9qjrb1IDM1DAqOAGKCAXnxLmUZGO1Tt5nxeFkhrkcds3m', NULL, 1, 'ADMIN', '2023-04-13 04:11:19', 'ADMIN', '2023-04-13 04:15:59'),
(140, 3, 8, 31, 21, 83, 'BOBBY FAHMI FARHANUDIN', '130393035', 'bobby.farhanudin', 'BFF', 'bobby.farhanudin@kalbenutritionals.com', '#N/A', 'default.png', '$2y$12$AZqgg65Z9qjrb1IDM1DAqOAGKCAXnxLmUZGO1Tt5nxeFkhrkcds3m', NULL, 1, 'ADMIN', '2023-04-13 04:11:19', 'ADMIN', '2023-04-13 04:15:59'),
(141, 3, 5, 16, 8, 95, 'ADNAN SAMSULEH', '130793036', 'adnan.samsuleh', 'ASH', 'adnan.samsuleh@kalbenutritionals.com', '813', 'default.png', '$2y$12$AZqgg65Z9qjrb1IDM1DAqOAGKCAXnxLmUZGO1Tt5nxeFkhrkcds3m', NULL, 1, 'ADMIN', '2023-04-13 04:11:19', 'ADMIN', '2023-04-13 04:15:59'),
(142, 3, 7, 27, 17, 88, 'AEP SAEPUDIN', '130793037', 'aep.saepudin', 'ASN', 'aep.saepudin@kalbenutritionals.com', '#N/A', 'default.png', '$2y$12$AZqgg65Z9qjrb1IDM1DAqOAGKCAXnxLmUZGO1Tt5nxeFkhrkcds3m', NULL, 1, 'ADMIN', '2023-04-13 04:11:19', 'ADMIN', '2023-04-13 04:15:59'),
(143, 3, 7, 27, 19, 96, 'AJAT JAPAR', '130793038', 'ajat.japar', 'AJR', 'ajat.japar@kalbenutritionals.com', '#N/A', 'default.png', '$2y$12$AZqgg65Z9qjrb1IDM1DAqOAGKCAXnxLmUZGO1Tt5nxeFkhrkcds3m', NULL, 1, 'ADMIN', '2023-04-13 04:11:19', 'ADMIN', '2023-04-13 04:15:59'),
(144, 3, 9, 35, 22, 93, 'ALI ROHMAN', '130793039', 'ali.rohman', 'ARN', 'ali.rohman@kalbenutritionals.com', '#N/A', 'default.png', '$2y$12$AZqgg65Z9qjrb1IDM1DAqOAGKCAXnxLmUZGO1Tt5nxeFkhrkcds3m', NULL, 1, 'ADMIN', '2023-04-13 04:11:19', 'ADMIN', '2023-04-13 04:15:59'),
(145, 3, 7, 27, 14, 29, 'AMRIH PANUNTUN', '130793040', 'amrih.panuntun', 'APN', 'amrih.panuntun@kalbenutritionals.com', '#N/A', 'default.png', '$2y$12$AZqgg65Z9qjrb1IDM1DAqOAGKCAXnxLmUZGO1Tt5nxeFkhrkcds3m', NULL, 1, 'ADMIN', '2023-04-13 04:11:19', 'ADMIN', '2023-04-13 04:15:59'),
(146, 3, 7, 27, 15, 55, 'ANDI KUSUMA', '130793041', 'andi.kusuma', 'AKA', 'andi.kusuma@kalbenutritionals.com', '#N/A', 'default.png', '$2y$12$AZqgg65Z9qjrb1IDM1DAqOAGKCAXnxLmUZGO1Tt5nxeFkhrkcds3m', NULL, 1, 'ADMIN', '2023-04-13 04:11:19', 'ADMIN', '2023-04-13 04:15:59'),
(147, 3, 9, 35, 22, 79, 'ANGGA CHRISTIAN YONATHAN', '130793042', 'angga.yonathan', 'ACY', 'angga.yonathan@kalbenutritionals.com', '#N/A', 'default.png', '$2y$12$AZqgg65Z9qjrb1IDM1DAqOAGKCAXnxLmUZGO1Tt5nxeFkhrkcds3m', NULL, 1, 'ADMIN', '2023-04-13 04:11:19', 'ADMIN', '2023-04-13 04:15:59'),
(148, 3, 6, 8, 4, 11, 'ASEP ROBAN', '130793043', 'asep.roban', 'ARN', 'asep.roban@kalbenutritionals.com', '#N/A', 'default.png', '$2y$12$AZqgg65Z9qjrb1IDM1DAqOAGKCAXnxLmUZGO1Tt5nxeFkhrkcds3m', NULL, 1, 'ADMIN', '2023-04-13 04:11:19', 'ADMIN', '2023-04-13 04:15:59'),
(149, 3, 7, 27, 19, 81, 'DAIKIN PURNA YUDHA', '130793044', 'daikin.yudha', 'DPY', 'daikin.yudha@kalbenutritionals.com', '#N/A', 'default.png', '$2y$12$AZqgg65Z9qjrb1IDM1DAqOAGKCAXnxLmUZGO1Tt5nxeFkhrkcds3m', NULL, 1, 'ADMIN', '2023-04-13 04:11:19', 'ADMIN', '2023-04-13 04:15:59'),
(150, 3, 7, 27, 19, 96, 'DARMA ARDHI', '130793045', 'darma.ardhi', 'DAI', 'darma.ardhi@kalbenutritionals.com', '#N/A', 'default.png', '$2y$12$AZqgg65Z9qjrb1IDM1DAqOAGKCAXnxLmUZGO1Tt5nxeFkhrkcds3m', NULL, 1, 'ADMIN', '2023-04-13 04:11:19', 'ADMIN', '2023-04-13 04:15:59'),
(151, 3, 7, 27, 15, 97, 'DIDIK PURWANTO', '130793046', 'didik.purwanto', 'DPO', 'didik.purwanto@kalbenutritionals.com', '#N/A', 'default.png', '$2y$12$AZqgg65Z9qjrb1IDM1DAqOAGKCAXnxLmUZGO1Tt5nxeFkhrkcds3m', NULL, 1, 'ADMIN', '2023-04-13 04:11:19', 'ADMIN', '2023-04-13 04:15:59'),
(152, 3, 7, 27, 14, 29, 'HERI KURNIAWAN', '130793047', 'heri.kurniawan', 'HKN', 'heri.kurniawan@kalbenutritionals.com', '#N/A', 'default.png', '$2y$12$AZqgg65Z9qjrb1IDM1DAqOAGKCAXnxLmUZGO1Tt5nxeFkhrkcds3m', NULL, 1, 'ADMIN', '2023-04-13 04:11:19', 'ADMIN', '2023-04-13 04:15:59'),
(153, 3, 8, 31, 21, 83, 'HERIYANA', '130793048', 'heriyana.heriyana', 'HRA', 'heriyana.heriyana@kalbenutritionals.com', '#N/A', 'default.png', '$2y$12$AZqgg65Z9qjrb1IDM1DAqOAGKCAXnxLmUZGO1Tt5nxeFkhrkcds3m', NULL, 1, 'ADMIN', '2023-04-13 04:11:19', 'ADMIN', '2023-04-13 04:15:59'),
(154, 3, 6, 8, 5, 24, 'IKMAL MAULANA', '130793049', 'ikmal.maulana', 'IMA', 'ikmal.maulana@kalbenutritionals.com', '#N/A', 'default.png', '$2y$12$AZqgg65Z9qjrb1IDM1DAqOAGKCAXnxLmUZGO1Tt5nxeFkhrkcds3m', NULL, 1, 'ADMIN', '2023-04-13 04:11:19', 'ADMIN', '2023-04-13 04:15:59'),
(155, 3, 8, 31, 20, 80, 'IRFAN HIMAWAN', '130793050', 'irfan.himawan', 'IHN', 'irfan.himawan@kalbenutritionals.com', '#N/A', 'default.png', '$2y$12$AZqgg65Z9qjrb1IDM1DAqOAGKCAXnxLmUZGO1Tt5nxeFkhrkcds3m', NULL, 1, 'ADMIN', '2023-04-13 04:11:19', 'ADMIN', '2023-04-13 04:15:59'),
(156, 3, 7, 27, 12, 66, 'JOHAN KERTIONO', '130793051', 'johan.kertiono', 'JKN', 'johan.kertiono@kalbenutritionals.com', '#N/A', 'default.png', '$2y$12$AZqgg65Z9qjrb1IDM1DAqOAGKCAXnxLmUZGO1Tt5nxeFkhrkcds3m', NULL, 1, 'ADMIN', '2023-04-13 04:11:19', 'ADMIN', '2023-04-13 04:15:59'),
(157, 3, 9, 35, 23, 98, 'MOHAMMAD DWI ADHITYA', '130793052', 'mohammad.adhitya', 'MDA', 'mohammad.adhitya@kalbenutritionals.com', '#N/A', 'default.png', '$2y$12$AZqgg65Z9qjrb1IDM1DAqOAGKCAXnxLmUZGO1Tt5nxeFkhrkcds3m', NULL, 1, 'ADMIN', '2023-04-13 04:11:19', 'ADMIN', '2023-04-13 04:15:59'),
(158, 3, 7, 27, 18, 17, 'SAMROJI', '130793053', 'samroji.samroji', 'SJI', 'samroji.samroji@kalbenutritionals.com', '#N/A', 'default.png', '$2y$12$AZqgg65Z9qjrb1IDM1DAqOAGKCAXnxLmUZGO1Tt5nxeFkhrkcds3m', NULL, 1, 'ADMIN', '2023-04-13 04:11:19', 'ADMIN', '2023-04-13 04:15:59'),
(159, 3, 7, 27, 16, 12, 'JUJUN SIROJUDIN', '130793055', 'jujun.sirojudin', 'JSN', 'jujun.sirojudin@kalbenutritionals.com', '#N/A', 'default.png', '$2y$12$AZqgg65Z9qjrb1IDM1DAqOAGKCAXnxLmUZGO1Tt5nxeFkhrkcds3m', NULL, 1, 'ADMIN', '2023-04-13 04:11:19', 'ADMIN', '2023-04-13 04:15:59'),
(160, 3, 10, 20, 11, 99, 'NOVAN TRIANTO', '130793056', 'novan.trianto', 'NTO', 'novan.trianto@kalbenutritionals.com', '912', 'default.png', '$2y$12$AZqgg65Z9qjrb1IDM1DAqOAGKCAXnxLmUZGO1Tt5nxeFkhrkcds3m', NULL, 1, 'ADMIN', '2023-04-13 04:11:19', 'ADMIN', '2023-04-13 04:15:59'),
(161, 3, 7, 27, 13, 18, 'SANNI SUTIADI', '130793058', 'sanni.sutiadi', 'SNI', 'sanni.sutiadi@kalbenutritionals.com', '#N/A', 'default.png', '$2y$12$AZqgg65Z9qjrb1IDM1DAqOAGKCAXnxLmUZGO1Tt5nxeFkhrkcds3m', NULL, 1, 'ADMIN', '2023-04-13 04:11:19', 'ADMIN', '2023-04-13 04:15:59'),
(162, 3, 6, 8, 4, 100, 'INSANI GUSTRIANJAR MUHAROM', '130900125', 'insani.muharom', 'IGM', 'insani.muharom@kalbenutritionals.com', '#N/A', 'default.png', '$2y$12$AZqgg65Z9qjrb1IDM1DAqOAGKCAXnxLmUZGO1Tt5nxeFkhrkcds3m', NULL, 1, 'ADMIN', '2023-04-13 04:11:19', 'ADMIN', '2023-04-13 04:15:59'),
(163, 3, 10, 24, 10, 101, 'JEPRI HAERUDIN', '140192908', 'jepri.haerudin', 'JHN', 'jepri.haerudin@kalbenutritionals.com', '921', 'default.png', '$2y$12$AZqgg65Z9qjrb1IDM1DAqOAGKCAXnxLmUZGO1Tt5nxeFkhrkcds3m', NULL, 1, 'ADMIN', '2023-04-13 04:11:19', 'ADMIN', '2023-04-13 04:15:59'),
(164, 3, 8, 31, 21, 83, 'TRI AGUSTIARTY WARDHANY', '140292909', 'tri.wardhany', 'TAW', 'tri.wardhany@kalbenutritionals.com', '#N/A', 'default.png', '$2y$12$AZqgg65Z9qjrb1IDM1DAqOAGKCAXnxLmUZGO1Tt5nxeFkhrkcds3m', NULL, 1, 'ADMIN', '2023-04-13 04:11:19', 'ADMIN', '2023-04-13 04:15:59'),
(165, 3, 1, 5, 1, 42, 'PUTRI PUSPITA SARI', '140700131', 'putri.sari', 'PPS', 'putri.sari@kalbenutritionals.com', '711', 'default.png', '$2y$12$AZqgg65Z9qjrb1IDM1DAqOAGKCAXnxLmUZGO1Tt5nxeFkhrkcds3m', NULL, 1, 'ADMIN', '2023-04-13 04:11:19', 'ADMIN', '2023-04-13 04:15:59'),
(166, 3, 7, 27, 12, 66, 'AGUS NUGROHO', '140792910', 'agus.nugroho', 'AMI', 'agus.nugroho@kalbenutritionals.com', '#N/A', 'default.png', '$2y$12$AZqgg65Z9qjrb1IDM1DAqOAGKCAXnxLmUZGO1Tt5nxeFkhrkcds3m', NULL, 1, 'ADMIN', '2023-04-13 04:11:19', 'ADMIN', '2023-04-13 04:15:59'),
(167, 3, 7, 27, 12, 94, 'ARIYANTO', '140792911', 'ariyanto.ariyanto', 'ANO', 'ariyanto.ariyanto@kalbenutritionals.com', '#N/A', 'default.png', '$2y$12$AZqgg65Z9qjrb1IDM1DAqOAGKCAXnxLmUZGO1Tt5nxeFkhrkcds3m', NULL, 1, 'ADMIN', '2023-04-13 04:11:19', 'ADMIN', '2023-04-13 04:15:59'),
(168, 3, 6, 8, 5, 86, 'BAHRUDIN', '140792913', 'bahrudin.bahrudin', 'BRN', 'bahrudin.bahrudin@kalbenutritionals.com', '#N/A', 'default.png', '$2y$12$AZqgg65Z9qjrb1IDM1DAqOAGKCAXnxLmUZGO1Tt5nxeFkhrkcds3m', NULL, 1, 'ADMIN', '2023-04-13 04:11:19', 'ADMIN', '2023-04-13 04:15:59'),
(169, 3, 7, 27, 19, 96, 'BENI SETIYAWAN', '140792914', 'beni.setiyawan', 'BSN', 'beni.setiyawan@kalbenutritionals.com', '#N/A', 'default.png', '$2y$12$AZqgg65Z9qjrb1IDM1DAqOAGKCAXnxLmUZGO1Tt5nxeFkhrkcds3m', NULL, 1, 'ADMIN', '2023-04-13 04:11:19', 'ADMIN', '2023-04-13 04:15:59'),
(170, 3, 7, 27, 19, 81, 'CECEP SUPRIADI', '140792915', 'cecep.supriadi', 'CEP', 'cecep.supriadi@kalbenutritionals.com', '#N/A', 'default.png', '$2y$12$AZqgg65Z9qjrb1IDM1DAqOAGKCAXnxLmUZGO1Tt5nxeFkhrkcds3m', NULL, 1, 'ADMIN', '2023-04-13 04:11:19', 'ADMIN', '2023-04-13 04:15:59'),
(171, 3, 10, 19, 11, 102, 'IRPAN HIDAYAT PAMIL', '140792916', 'irpan.pamil', 'IHP', 'irpan.pamil@kalbenutritionals.com', '#N/A', 'default.png', '$2y$12$AZqgg65Z9qjrb1IDM1DAqOAGKCAXnxLmUZGO1Tt5nxeFkhrkcds3m', NULL, 1, 'ADMIN', '2023-04-13 04:11:19', 'ADMIN', '2023-04-13 04:15:59'),
(172, 3, 7, 27, 13, 96, 'MOKHAMAD MUSLIH', '140792918', 'mokhamad.muslih', 'MMH', 'mokhamad.muslih@kalbenutritionals.com', '#N/A', 'default.png', '$2y$12$AZqgg65Z9qjrb1IDM1DAqOAGKCAXnxLmUZGO1Tt5nxeFkhrkcds3m', NULL, 1, 'ADMIN', '2023-04-13 04:11:19', 'ADMIN', '2023-04-13 04:15:59'),
(173, 3, 8, 31, 21, 51, 'R HAERUL SEJATI', '140792919', 'r.sejati', 'RHS', 'r.sejati@kalbenutritionals.com', '#N/A', 'default.png', '$2y$12$AZqgg65Z9qjrb1IDM1DAqOAGKCAXnxLmUZGO1Tt5nxeFkhrkcds3m', NULL, 1, 'ADMIN', '2023-04-13 04:11:19', 'ADMIN', '2023-04-13 04:15:59'),
(174, 3, 7, 27, 18, 103, 'TAUFIK FARIDZAL', '140792920', 'taufik.faridzal', 'TFL', 'taufik.faridzal@kalbenutritionals.com', '#N/A', 'default.png', '$2y$12$AZqgg65Z9qjrb1IDM1DAqOAGKCAXnxLmUZGO1Tt5nxeFkhrkcds3m', NULL, 1, 'ADMIN', '2023-04-13 04:11:19', 'ADMIN', '2023-04-13 04:15:59'),
(175, 3, 7, 27, 14, 96, 'ZAENUDDIN', '140792921', 'zaenuddin.zaenuddin', 'ZDN', 'zaenuddin.zaenuddin@kalbenutritionals.com', '#N/A', 'default.png', '$2y$12$AZqgg65Z9qjrb1IDM1DAqOAGKCAXnxLmUZGO1Tt5nxeFkhrkcds3m', NULL, 1, 'ADMIN', '2023-04-13 04:11:19', 'ADMIN', '2023-04-13 04:15:59'),
(176, 3, 6, 8, 4, 104, 'PANDU WIJAYADI', '141092924', 'pandu.wijayadi', 'PWI', 'pandu.wijayadi@kalbenutritionals.com', '#N/A', 'default.png', '$2y$12$AZqgg65Z9qjrb1IDM1DAqOAGKCAXnxLmUZGO1Tt5nxeFkhrkcds3m', NULL, 1, 'ADMIN', '2023-04-13 04:11:19', 'ADMIN', '2023-04-13 04:15:59'),
(177, 3, 6, 8, 4, 77, 'MOEHAMMAD FADJAR FADHILAH', '150191702', 'moehammad.fadhilah', 'MFF', 'moehammad.fadhilah@kalbenutritionals.com', '#N/A', 'default.png', '$2y$12$AZqgg65Z9qjrb1IDM1DAqOAGKCAXnxLmUZGO1Tt5nxeFkhrkcds3m', NULL, 1, 'ADMIN', '2023-04-13 04:11:19', 'ADMIN', '2023-04-13 04:15:59'),
(178, 3, 9, 35, 22, 93, 'ALI NURDIN', '150291703', 'ali.nurdin', 'ANN', 'ali.nurdin@kalbenutritionals.com', '#N/A', 'default.png', '$2y$12$AZqgg65Z9qjrb1IDM1DAqOAGKCAXnxLmUZGO1Tt5nxeFkhrkcds3m', NULL, 1, 'ADMIN', '2023-04-13 04:11:19', 'ADMIN', '2023-04-13 04:15:59'),
(179, 3, 9, 35, 22, 79, 'BAGUS SANTOSO', '150291704', 'bagus.santoso', 'BSO', 'bagus.santoso@kalbenutritionals.com', '#N/A', 'default.png', '$2y$12$AZqgg65Z9qjrb1IDM1DAqOAGKCAXnxLmUZGO1Tt5nxeFkhrkcds3m', NULL, 1, 'ADMIN', '2023-04-13 04:11:19', 'ADMIN', '2023-04-13 04:15:59');
INSERT INTO `musers` (`id`, `intLevel_ID`, `intDepartment_ID`, `intSubdepartment_ID`, `intCg_ID`, `intJabatan_ID`, `txtName`, `txtNik`, `txtUsername`, `txtInitial`, `txtEmail`, `txtExt`, `txtPhoto`, `txtPassword`, `remember_token`, `intActive`, `txtCreatedBy`, `dtmCreated`, `txtUpdatedBy`, `dtmUpdated`) VALUES
(180, 3, 10, 24, 10, 105, 'SUMARNA', '150491706', 'sumarna.sumarna', 'SMA', 'sumarna.sumarna@kalbenutritionals.com', '922', 'default.png', '$2y$12$AZqgg65Z9qjrb1IDM1DAqOAGKCAXnxLmUZGO1Tt5nxeFkhrkcds3m', NULL, 1, 'ADMIN', '2023-04-13 04:11:19', 'ADMIN', '2023-04-13 04:15:59'),
(181, 3, 6, 6, 17, 106, 'YOPPY SUKMANDAR', '150600127', 'yoppy.sukmandar', 'YSR', 'yoppy.sukmandar@kalbenutritionals.com', '400', 'default.png', '$2y$12$AZqgg65Z9qjrb1IDM1DAqOAGKCAXnxLmUZGO1Tt5nxeFkhrkcds3m', NULL, 1, 'ADMIN', '2023-04-13 04:11:19', 'ADMIN', '2023-04-13 04:15:59'),
(182, 3, 7, 27, 24, 96, 'ADI AMRAN SUKARYA', '150791707', 'adi.sukarya', 'AAS', 'adi.sukarya@kalbenutritionals.com', '#N/A', 'default.png', '$2y$12$AZqgg65Z9qjrb1IDM1DAqOAGKCAXnxLmUZGO1Tt5nxeFkhrkcds3m', NULL, 1, 'ADMIN', '2023-04-13 04:11:19', 'ADMIN', '2023-04-13 04:15:59'),
(183, 3, 7, 27, 16, 107, 'BAMBANG RISTYANTO', '150791708', 'bambang.ristyanto', 'BRO', 'bambang.ristyanto@kalbenutritionals.com', '#N/A', 'default.png', '$2y$12$AZqgg65Z9qjrb1IDM1DAqOAGKCAXnxLmUZGO1Tt5nxeFkhrkcds3m', NULL, 1, 'ADMIN', '2023-04-13 04:11:19', 'ADMIN', '2023-04-13 04:15:59'),
(184, 3, 4, 12, 7, 108, 'HAPPY SUGESTIE PRAHARA', '150791709', 'happy.prahara', 'HSP', 'happy.prahara@kalbenutritionals.com', '632', 'default.png', '$2y$12$AZqgg65Z9qjrb1IDM1DAqOAGKCAXnxLmUZGO1Tt5nxeFkhrkcds3m', NULL, 1, 'ADMIN', '2023-04-13 04:11:19', 'ADMIN', '2023-04-13 04:15:59'),
(185, 3, 7, 27, 16, 107, 'RIRIS PURWANTO', '150791710', 'riris.purwanto', 'RPO', 'riris.purwanto@kalbenutritionals.com', '#N/A', 'default.png', '$2y$12$AZqgg65Z9qjrb1IDM1DAqOAGKCAXnxLmUZGO1Tt5nxeFkhrkcds3m', NULL, 1, 'ADMIN', '2023-04-13 04:11:19', 'ADMIN', '2023-04-13 04:15:59'),
(186, 3, 6, 8, 4, 77, 'BAHRUDIN DWI NURYANTO', '150800189', 'bahrudin.nuryanto', 'BDN', 'bahrudin.nuryanto@kalbenutritionals.com', '#N/A', 'default.png', '$2y$12$AZqgg65Z9qjrb1IDM1DAqOAGKCAXnxLmUZGO1Tt5nxeFkhrkcds3m', NULL, 1, 'ADMIN', '2023-04-13 04:11:19', 'ADMIN', '2023-04-13 04:15:59'),
(187, 3, 6, 8, 5, 24, 'AHMAD SAEPUDIN', '160192705', 'ahmad.saepudin', 'ASN', 'ahmad.saepudin@kalbenutritionals.com', '#N/A', 'default.png', '$2y$12$AZqgg65Z9qjrb1IDM1DAqOAGKCAXnxLmUZGO1Tt5nxeFkhrkcds3m', NULL, 1, 'ADMIN', '2023-04-13 04:11:19', 'ADMIN', '2023-04-13 04:15:59'),
(188, 3, 7, 26, 14, 40, 'ALIT PRADANA', '160200097', 'alit.pradana', 'APA', 'alit.pradana@kalbenutritionals.com', '#N/A', 'default.png', '$2y$12$AZqgg65Z9qjrb1IDM1DAqOAGKCAXnxLmUZGO1Tt5nxeFkhrkcds3m', NULL, 1, 'ADMIN', '2023-04-13 04:11:19', 'ADMIN', '2023-04-13 04:15:59'),
(189, 3, 7, 27, 17, 88, 'ADI SOPANA', '160792707', 'adi.sopana', 'ASA', 'adi.sopana@kalbenutritionals.com', '#N/A', 'default.png', '$2y$12$AZqgg65Z9qjrb1IDM1DAqOAGKCAXnxLmUZGO1Tt5nxeFkhrkcds3m', NULL, 1, 'ADMIN', '2023-04-13 04:11:19', 'ADMIN', '2023-04-13 04:15:59'),
(190, 3, 9, 35, 22, 93, 'FAJAR MAULANA', '170122440', 'fajar.maulana', 'FMA', 'fajar.maulana@kalbenutritionals.com', '#N/A', 'default.png', '$2y$12$AZqgg65Z9qjrb1IDM1DAqOAGKCAXnxLmUZGO1Tt5nxeFkhrkcds3m', NULL, 1, 'ADMIN', '2023-04-13 04:11:19', 'ADMIN', '2023-04-13 04:15:59'),
(191, 3, 6, 8, 5, 24, 'MUHAMMAD IQBAL FAUZY', '170122441', 'muhammad.fauzy', 'MIF', 'muhammad.fauzy@kalbenutritionals.com', '#N/A', 'default.png', '$2y$12$AZqgg65Z9qjrb1IDM1DAqOAGKCAXnxLmUZGO1Tt5nxeFkhrkcds3m', NULL, 1, 'ADMIN', '2023-04-13 04:11:19', 'ADMIN', '2023-04-13 04:15:59'),
(192, 3, 9, 35, 23, 98, 'SAIFUL BAHRI', '170122442', 'saiful.bahri', 'SBI', 'saiful.bahri@kalbenutritionals.com', '#N/A', 'default.png', '$2y$12$AZqgg65Z9qjrb1IDM1DAqOAGKCAXnxLmUZGO1Tt5nxeFkhrkcds3m', NULL, 1, 'ADMIN', '2023-04-13 04:11:19', 'ADMIN', '2023-04-13 04:15:59'),
(193, 3, 7, 27, 13, 96, 'ARIS SUPARLI', '170700031', 'aris.suparli', 'ARS', 'aris.suparli@kalbenutritionals.com', '#N/A', 'default.png', '$2y$12$AZqgg65Z9qjrb1IDM1DAqOAGKCAXnxLmUZGO1Tt5nxeFkhrkcds3m', NULL, 1, 'ADMIN', '2023-04-13 04:11:19', 'ADMIN', '2023-04-13 04:15:59'),
(194, 3, 7, 27, 13, 96, 'HERU HAERUDIN', '170700032', 'heru.haerudin', 'HHN', 'heru.haerudin@kalbenutritionals.com', '#N/A', 'default.png', '$2y$12$AZqgg65Z9qjrb1IDM1DAqOAGKCAXnxLmUZGO1Tt5nxeFkhrkcds3m', NULL, 1, 'ADMIN', '2023-04-13 04:11:19', 'ADMIN', '2023-04-13 04:15:59'),
(195, 3, 7, 27, 14, 96, 'PEBI', '170700033', 'pebi.pebi', 'PBI', 'pebi.pebi@kalbenutritionals.com', '#N/A', 'default.png', '$2y$12$AZqgg65Z9qjrb1IDM1DAqOAGKCAXnxLmUZGO1Tt5nxeFkhrkcds3m', NULL, 1, 'ADMIN', '2023-04-13 04:11:19', 'ADMIN', '2023-04-13 04:15:59'),
(196, 3, 7, 27, 16, 107, 'MOCHAMAD FADDLY ADI', '171122509', 'mochamad.adi', 'MFA', 'mochamad.adi@kalbenutritionals.com', '#N/A', 'default.png', '$2y$12$AZqgg65Z9qjrb1IDM1DAqOAGKCAXnxLmUZGO1Tt5nxeFkhrkcds3m', NULL, 1, 'ADMIN', '2023-04-13 04:11:19', 'ADMIN', '2023-04-13 04:15:59'),
(197, 3, 6, 8, 4, 109, 'RUDI ROSIDIN', '180100012', 'rudi.rosidin', 'RRN', 'rudi.rosidin@kalbenutritionals.com', '#N/A', 'default.png', '$2y$12$AZqgg65Z9qjrb1IDM1DAqOAGKCAXnxLmUZGO1Tt5nxeFkhrkcds3m', NULL, 1, 'ADMIN', '2023-04-13 04:11:19', 'ADMIN', '2023-04-13 04:15:59'),
(198, 3, 6, 8, 4, 11, 'SIDIK TRIPAMBUDI', '180100013', 'sidik.tripambudi', 'STI', 'sidik.tripambudi@kalbenutritionals.com', '#N/A', 'default.png', '$2y$12$AZqgg65Z9qjrb1IDM1DAqOAGKCAXnxLmUZGO1Tt5nxeFkhrkcds3m', NULL, 1, 'ADMIN', '2023-04-13 04:11:19', 'ADMIN', '2023-04-13 04:15:59'),
(199, 3, 1, 4, 1, 73, 'DERI INDRIANI', '180100014', 'deri.indriani', 'DII', 'deri.indriani@kalbenutritionals.com', '714', 'default.png', '$2y$12$AZqgg65Z9qjrb1IDM1DAqOAGKCAXnxLmUZGO1Tt5nxeFkhrkcds3m', NULL, 1, 'ADMIN', '2023-04-13 04:11:19', 'ADMIN', '2023-04-13 04:15:59'),
(200, 3, 7, 27, 15, 56, 'RIO ANGGARA', '180100015', 'rio.anggara', 'RAA', 'rio.anggara@kalbenutritionals.com', '#N/A', 'default.png', '$2y$12$AZqgg65Z9qjrb1IDM1DAqOAGKCAXnxLmUZGO1Tt5nxeFkhrkcds3m', NULL, 1, 'ADMIN', '2023-04-13 04:11:19', 'ADMIN', '2023-04-13 04:15:59'),
(201, 3, 7, 27, 14, 110, 'ABDUL MUJIB MUSTOPA', '180100016', 'abdul.mustopa', 'AMB', 'abdul.mustopa@kalbenutritionals.com', '#N/A', 'default.png', '$2y$12$AZqgg65Z9qjrb1IDM1DAqOAGKCAXnxLmUZGO1Tt5nxeFkhrkcds3m', NULL, 1, 'ADMIN', '2023-04-13 04:11:19', 'ADMIN', '2023-04-13 04:15:59'),
(202, 3, 7, 27, 15, 94, 'SANIP KOMARUDIN', '180100017', 'sanip.komarudin', 'SKR', 'sanip.komarudin@kalbenutritionals.com', '#N/A', 'default.png', '$2y$12$AZqgg65Z9qjrb1IDM1DAqOAGKCAXnxLmUZGO1Tt5nxeFkhrkcds3m', NULL, 1, 'ADMIN', '2023-04-13 04:11:19', 'ADMIN', '2023-04-13 04:15:59'),
(203, 3, 7, 27, 19, 110, 'EDI SAPUTRA', '180100018', 'edi.saputra', 'ESA', 'edi.saputra@kalbenutritionals.com', '#N/A', 'default.png', '$2y$12$AZqgg65Z9qjrb1IDM1DAqOAGKCAXnxLmUZGO1Tt5nxeFkhrkcds3m', NULL, 1, 'ADMIN', '2023-04-13 04:11:19', 'ADMIN', '2023-04-13 04:15:59'),
(204, 3, 7, 27, 13, 29, 'DANIS SENO PRABOWO', '180100019', 'danis.prabowo', 'DSP', 'danis.prabowo@kalbenutritionals.com', '#N/A', 'default.png', '$2y$12$AZqgg65Z9qjrb1IDM1DAqOAGKCAXnxLmUZGO1Tt5nxeFkhrkcds3m', NULL, 1, 'ADMIN', '2023-04-13 04:11:19', 'ADMIN', '2023-04-13 04:15:59'),
(205, 3, 7, 27, 14, 96, 'HERMAN RESTU FAUZI', '180100020', 'herman.fauzi', 'HRF', 'herman.fauzi@kalbenutritionals.com', '#N/A', 'default.png', '$2y$12$AZqgg65Z9qjrb1IDM1DAqOAGKCAXnxLmUZGO1Tt5nxeFkhrkcds3m', NULL, 1, 'ADMIN', '2023-04-13 04:11:19', 'ADMIN', '2023-04-13 04:15:59'),
(206, 3, 7, 27, 14, 111, 'WULAN NUR FATIMAH', '180100021', 'wulan.fatimah', 'WNF', 'wulan.fatimah@kalbenutritionals.com', '#N/A', 'default.png', '$2y$12$AZqgg65Z9qjrb1IDM1DAqOAGKCAXnxLmUZGO1Tt5nxeFkhrkcds3m', NULL, 1, 'ADMIN', '2023-04-13 04:11:19', 'ADMIN', '2023-04-13 04:15:59'),
(207, 3, 9, 35, 22, 85, 'FATONI', '180100022', 'fatoni.fatoni', 'FTI', 'fatoni.fatoni@kalbenutritionals.com', '#N/A', 'default.png', '$2y$12$AZqgg65Z9qjrb1IDM1DAqOAGKCAXnxLmUZGO1Tt5nxeFkhrkcds3m', NULL, 1, 'ADMIN', '2023-04-13 04:11:19', 'ADMIN', '2023-04-13 04:15:59'),
(208, 3, 4, 13, 7, 112, 'BAGUS AJIE WICAKSONO', '180300062', 'bagus.wicaksono', 'BAW', 'bagus.wicaksono@kalbenutritionals.com', '631', 'default.png', '$2y$12$AZqgg65Z9qjrb1IDM1DAqOAGKCAXnxLmUZGO1Tt5nxeFkhrkcds3m', NULL, 1, 'ADMIN', '2023-04-13 04:11:19', 'ADMIN', '2023-04-13 04:15:59'),
(209, 3, 8, 31, 21, 83, 'EUIS DIAN ANGGRAENI', '180500114', 'euis.anggraeni', 'EDA', 'euis.anggraeni@kalbenutritionals.com', '#N/A', 'default.png', '$2y$12$AZqgg65Z9qjrb1IDM1DAqOAGKCAXnxLmUZGO1Tt5nxeFkhrkcds3m', NULL, 1, 'ADMIN', '2023-04-13 04:11:19', 'ADMIN', '2023-04-13 04:15:59'),
(210, 3, 8, 31, 21, 51, 'RIDWAN NUGRAHA', '180500115', 'ridwan.nugraha', 'RNA', 'ridwan.nugraha@kalbenutritionals.com', '#N/A', 'default.png', '$2y$12$AZqgg65Z9qjrb1IDM1DAqOAGKCAXnxLmUZGO1Tt5nxeFkhrkcds3m', NULL, 1, 'ADMIN', '2023-04-13 04:11:19', 'ADMIN', '2023-04-13 04:15:59'),
(211, 3, 7, 27, 15, 81, 'MUHAMAD ALFIAN', '180500116', 'muhamad.alfian', 'MAN', 'muhamad.alfian@kalbenutritionals.com', '#N/A', 'default.png', '$2y$12$AZqgg65Z9qjrb1IDM1DAqOAGKCAXnxLmUZGO1Tt5nxeFkhrkcds3m', NULL, 1, 'ADMIN', '2023-04-13 04:11:19', 'ADMIN', '2023-04-13 04:15:59'),
(212, 3, 4, 10, 17, 113, 'BERNADHETA RISMISARI HANDAYANI', '180600122', 'bernadheta.handayani', 'BRH', 'bernadheta.handayani@kalbenutritionals.com', '600', 'default.png', '$2y$12$AZqgg65Z9qjrb1IDM1DAqOAGKCAXnxLmUZGO1Tt5nxeFkhrkcds3m', NULL, 1, 'ADMIN', '2023-04-13 04:11:19', 'ADMIN', '2023-04-13 04:15:59'),
(213, 3, 7, 27, 16, 48, 'SANITA', '180700142', 'sanita.sanita', 'SNA', 'sanita.sanita@kalbenutritionals.com', '#N/A', 'default.png', '$2y$12$AZqgg65Z9qjrb1IDM1DAqOAGKCAXnxLmUZGO1Tt5nxeFkhrkcds3m', NULL, 1, 'ADMIN', '2023-04-13 04:11:19', 'ADMIN', '2023-04-13 04:15:59'),
(214, 3, 9, 35, 22, 85, 'AKHMAD YUNUS YULIANTO', '180700143', 'akhmad.yulianto', 'AYS', 'akhmad.yulianto@kalbenutritionals.com', '#N/A', 'default.png', '$2y$12$AZqgg65Z9qjrb1IDM1DAqOAGKCAXnxLmUZGO1Tt5nxeFkhrkcds3m', NULL, 1, 'ADMIN', '2023-04-13 04:11:19', 'ADMIN', '2023-04-13 04:15:59'),
(215, 3, 8, 31, 20, 80, 'TATA TAOFIK QUROHMAN', '190100054', 'tata.qurohman', 'TTQ', 'tata.qurohman@kalbenutritionals.com', '#N/A', 'default.png', '$2y$12$AZqgg65Z9qjrb1IDM1DAqOAGKCAXnxLmUZGO1Tt5nxeFkhrkcds3m', NULL, 1, 'ADMIN', '2023-04-13 04:11:19', 'ADMIN', '2023-04-13 04:15:59'),
(216, 3, 7, 28, 13, 21, 'MAHMUD FAUJI TANJUNG', '190700187', 'mahmud.tanjung', 'MFT', 'mahmud.tanjung@kalbenutritionals.com', '#N/A', 'default.png', '$2y$12$AZqgg65Z9qjrb1IDM1DAqOAGKCAXnxLmUZGO1Tt5nxeFkhrkcds3m', NULL, 1, 'ADMIN', '2023-04-13 04:11:19', 'ADMIN', '2023-04-13 04:15:59'),
(217, 3, 10, 20, 11, 99, 'TEGUH SEJATI', '200100017', 'teguh.sejati', 'TSJ', 'teguh.sejati@kalbenutritionals.com', '913', 'default.png', '$2y$12$AZqgg65Z9qjrb1IDM1DAqOAGKCAXnxLmUZGO1Tt5nxeFkhrkcds3m', NULL, 1, 'ADMIN', '2023-04-13 04:11:19', 'ADMIN', '2023-04-13 04:15:59'),
(218, 3, 4, 13, 6, 114, 'WINDY ADRIANY KACARIBU', '200100031', 'windy.kacaribu', 'WAK', 'windy.kacaribu@kalbenutritionals.com', '612', 'default.png', '$2y$12$AZqgg65Z9qjrb1IDM1DAqOAGKCAXnxLmUZGO1Tt5nxeFkhrkcds3m', NULL, 1, 'ADMIN', '2023-04-13 04:11:19', 'ADMIN', '2023-04-13 04:15:59'),
(219, 3, 9, 35, 22, 93, 'MUSTAGHBIRIN', '200100042', 'mustaghbirin.mustaghbirin', 'MSN', 'mustaghbirin.mustaghbirin@kalbenutritionals.com', '#N/A', 'default.png', '$2y$12$AZqgg65Z9qjrb1IDM1DAqOAGKCAXnxLmUZGO1Tt5nxeFkhrkcds3m', NULL, 1, 'ADMIN', '2023-04-13 04:11:19', 'ADMIN', '2023-04-13 04:15:59'),
(220, 3, 8, 31, 20, 80, 'MUHAMAD MISBAH', '200200053', 'muhamad.misbah', 'MMH', 'muhamad.misbah@kalbenutritionals.com', '#N/A', 'default.png', '$2y$12$AZqgg65Z9qjrb1IDM1DAqOAGKCAXnxLmUZGO1Tt5nxeFkhrkcds3m', NULL, 1, 'ADMIN', '2023-04-13 04:11:19', 'ADMIN', '2023-04-13 04:15:59'),
(221, 3, 4, 13, 6, 115, 'MARIA KURNIATI GEDI RAYA', '200300076', 'maria.raya', 'MKG', 'maria.raya@kalbenutritionals.com', '640', 'default.png', '$2y$12$AZqgg65Z9qjrb1IDM1DAqOAGKCAXnxLmUZGO1Tt5nxeFkhrkcds3m', NULL, 1, 'ADMIN', '2023-04-13 04:11:19', 'ADMIN', '2023-04-13 04:15:59'),
(222, 3, 6, 7, 17, 116, 'IRVAN HASAN', '200500092', 'irvan.hasan', 'IHA', 'irvan.hasan@kalbenutritionals.com', '430', 'default.png', '$2y$12$AZqgg65Z9qjrb1IDM1DAqOAGKCAXnxLmUZGO1Tt5nxeFkhrkcds3m', NULL, 1, 'ADMIN', '2023-04-13 04:11:19', 'ADMIN', '2023-04-13 04:15:59'),
(223, 3, 6, 8, 4, 117, 'TENDI SOBARNANSYAH', '200700143', 'tendi.sobarnansyah', 'TSH', 'tendi.sobarnansyah@kalbenutritionals.com', '#N/A', 'default.png', '$2y$12$AZqgg65Z9qjrb1IDM1DAqOAGKCAXnxLmUZGO1Tt5nxeFkhrkcds3m', NULL, 1, 'ADMIN', '2023-04-13 04:11:19', 'ADMIN', '2023-04-13 04:15:59'),
(224, 3, 9, 35, 22, 118, 'MUHAMAD RIDWAN', '200700144', 'muhamad.ridwan', 'MRN', 'muhamad.ridwan@kalbenutritionals.com', '#N/A', 'default.png', '$2y$12$AZqgg65Z9qjrb1IDM1DAqOAGKCAXnxLmUZGO1Tt5nxeFkhrkcds3m', NULL, 1, 'ADMIN', '2023-04-13 04:11:19', 'ADMIN', '2023-04-13 04:15:59'),
(225, 3, 10, 20, 11, 99, 'DENLEI DIYOROSSI', '201200194', 'denlei.diyorossi', 'DDI', 'denlei.diyorossi@kalbenutritionals.com', '911', 'default.png', '$2y$12$AZqgg65Z9qjrb1IDM1DAqOAGKCAXnxLmUZGO1Tt5nxeFkhrkcds3m', NULL, 1, 'ADMIN', '2023-04-13 04:11:19', 'ADMIN', '2023-04-13 04:15:59'),
(226, 3, 4, 11, 6, 119, 'SETYO DEWI UTARI', '210100004', 'setyo.utari', 'SDU', 'setyo.utari@kalbenutritionals.com', '610', 'default.png', '$2y$12$AZqgg65Z9qjrb1IDM1DAqOAGKCAXnxLmUZGO1Tt5nxeFkhrkcds3m', NULL, 1, 'ADMIN', '2023-04-13 04:11:19', 'ADMIN', '2023-04-13 04:15:59'),
(227, 3, 5, 16, 8, 120, 'SARI DIYAH PALUPY', '210100024', 'sari.palupy', 'SDP', 'sari.palupy@kalbenutritionals.com', '812', 'default.png', '$2y$12$AZqgg65Z9qjrb1IDM1DAqOAGKCAXnxLmUZGO1Tt5nxeFkhrkcds3m', NULL, 1, 'ADMIN', '2023-04-13 04:11:19', 'ADMIN', '2023-04-13 04:15:59'),
(228, 3, 3, 22, 24, 121, 'TOSHIHITO  ABE', '211200171', 'toshihito.abe', 'TAE', 'toshihito.abe@kalbenutritionals.com', '#N/A', 'default.png', '$2y$12$AZqgg65Z9qjrb1IDM1DAqOAGKCAXnxLmUZGO1Tt5nxeFkhrkcds3m', NULL, 1, 'ADMIN', '2023-04-13 04:11:19', 'ADMIN', '2023-04-13 04:15:59'),
(229, 3, 6, 8, 4, 122, 'KUKUH GUMILANG', '220100111', 'kukuh.gumilang', 'KKG', 'kukuh.gumilang@kalbenutritionals.com', '#N/A', 'default.png', '$2y$12$AZqgg65Z9qjrb1IDM1DAqOAGKCAXnxLmUZGO1Tt5nxeFkhrkcds3m', NULL, 1, 'ADMIN', '2023-04-13 04:11:19', 'ADMIN', '2023-04-13 04:15:59'),
(230, 3, 8, 31, 20, 80, 'HENDY CAHYA SUWANDI', '220100112', 'hendy.suwandi', 'HCS', 'hendy.suwandi@kalbenutritionals.com', '#N/A', 'default.png', '$2y$12$AZqgg65Z9qjrb1IDM1DAqOAGKCAXnxLmUZGO1Tt5nxeFkhrkcds3m', NULL, 1, 'ADMIN', '2023-04-13 04:11:19', 'ADMIN', '2023-04-13 04:15:59'),
(231, 3, 6, 8, 4, 123, 'FIKRI FIRMANSYAH', '221200453', 'fikri.firmansyah', 'FFH', 'fikri.firmansyah@kalbenutritionals.com', '#N/A', 'default.png', '$2y$12$AZqgg65Z9qjrb1IDM1DAqOAGKCAXnxLmUZGO1Tt5nxeFkhrkcds3m', NULL, 1, 'ADMIN', '2023-04-13 04:11:19', 'ADMIN', '2023-04-13 04:15:59'),
(232, 3, 1, 5, 2, 124, 'ERWANDA', '221200468', 'erwanda', 'EDA', 'erwanda@kalbenutritionals.com', '#N/A', 'default.png', '$2y$12$AZqgg65Z9qjrb1IDM1DAqOAGKCAXnxLmUZGO1Tt5nxeFkhrkcds3m', NULL, 1, 'ADMIN', '2023-04-13 04:11:19', 'ADMIN', '2023-04-13 04:15:59'),
(233, 3, 4, 11, 7, 125, 'CHRISTIANTO YITRO SUJIWA', '230100001', 'christanto.yitro', 'CYS', 'christanto.yitro@kalbenutritionals.com', '#N/A', 'default.png', '$2y$12$AZqgg65Z9qjrb1IDM1DAqOAGKCAXnxLmUZGO1Tt5nxeFkhrkcds3m', NULL, 1, 'ADMIN', '2023-04-13 04:11:19', 'ADMIN', '2023-04-13 04:15:59'),
(234, 3, 8, 31, 21, 83, 'SANDI RISTIYAWAN ANGGARA', '230100003', 'sandi.anggara', 'SRA', 'sandi.anggara@kalbenutritionals.com', '#N/A', 'default.png', '$2y$12$AZqgg65Z9qjrb1IDM1DAqOAGKCAXnxLmUZGO1Tt5nxeFkhrkcds3m', NULL, 1, 'ADMIN', '2023-04-13 04:11:19', 'ADMIN', '2023-04-13 04:15:59'),
(235, 3, 8, 29, 17, 126, 'FATCHUR RACHMAN', '230100009', 'fatchur.rachman', 'FRC', 'fatchur.rachman@kalbenutritionals.com', '#N/A', 'default.png', '$2y$12$AZqgg65Z9qjrb1IDM1DAqOAGKCAXnxLmUZGO1Tt5nxeFkhrkcds3m', NULL, 1, 'ADMIN', '2023-04-13 04:11:19', 'ADMIN', '2023-04-13 04:15:59'),
(236, 3, 8, 31, 21, 83, 'GITA SYEMA DEWI', '230100042', 'gita.dewi', 'GSD', 'gita.dewi@kalbenutritionals.com', '#N/A', 'default.png', '$2y$12$AZqgg65Z9qjrb1IDM1DAqOAGKCAXnxLmUZGO1Tt5nxeFkhrkcds3m', NULL, 1, 'ADMIN', '2023-04-13 04:11:19', 'ADMIN', '2023-04-13 04:15:59'),
(237, 3, 9, 35, 23, 98, 'ANJAR SUDRAJAT', '230100043', 'anjar.sudrajat', 'AST', 'anjar.sudrajat@kalbenutritionals.com', '#N/A', 'default.png', '$2y$12$AZqgg65Z9qjrb1IDM1DAqOAGKCAXnxLmUZGO1Tt5nxeFkhrkcds3m', NULL, 1, 'ADMIN', '2023-04-13 04:11:19', 'ADMIN', '2023-04-13 04:15:59'),
(238, 3, 1, 5, 2, 127, 'RAKHA ADI PUTRA', '230100044', 'rakha.putra', 'RAP', 'rakha.putra@kalbenutritionals.com', '#N/A', 'default.png', '$2y$12$AZqgg65Z9qjrb1IDM1DAqOAGKCAXnxLmUZGO1Tt5nxeFkhrkcds3m', NULL, 1, 'ADMIN', '2023-04-13 04:11:19', 'ADMIN', '2023-04-13 04:15:59'),
(239, 3, 4, 12, 6, 128, 'NATALIA SUMANTO SIHOMBING', 'K180700223', 'natalia.sihombing', 'NSS', 'natalia.sihombing@kalbenutritionals.com', '#N/A', 'default.png', '$2y$12$AZqgg65Z9qjrb1IDM1DAqOAGKCAXnxLmUZGO1Tt5nxeFkhrkcds3m', NULL, 1, 'ADMIN', '2023-04-13 04:11:19', 'ADMIN', '2023-04-13 04:15:59'),
(240, 3, 7, 27, 16, 129, 'DIANTO', 'K190100004', 'dianto.dianto', 'DTO', 'dianto.dianto@kalbenutritionals.com', '#N/A', 'default.png', '$2y$12$AZqgg65Z9qjrb1IDM1DAqOAGKCAXnxLmUZGO1Tt5nxeFkhrkcds3m', NULL, 1, 'ADMIN', '2023-04-13 04:11:19', 'ADMIN', '2023-04-13 04:15:59'),
(241, 3, 7, 27, 18, 130, 'BASUKI', 'K190400185', 'basuki.basuki', 'BAI', 'basuki.basuki@kalbenutritionals.com', '#N/A', 'default.png', '$2y$12$AZqgg65Z9qjrb1IDM1DAqOAGKCAXnxLmUZGO1Tt5nxeFkhrkcds3m', NULL, 1, 'ADMIN', '2023-04-13 04:11:19', 'ADMIN', '2023-04-13 04:15:59'),
(242, 3, 7, 27, 18, 130, 'AHMAD LUKMAN HATAMI', 'K190600252', 'ahmad.hatami', 'ALH', 'ahmad.hatami@kalbenutritionals.com', '#N/A', 'default.png', '$2y$12$AZqgg65Z9qjrb1IDM1DAqOAGKCAXnxLmUZGO1Tt5nxeFkhrkcds3m', NULL, 1, 'ADMIN', '2023-04-13 04:11:19', 'ADMIN', '2023-04-13 04:15:59'),
(243, 3, 6, 8, 5, 131, 'MUHAMMAD RIZQY FIRDAUS', 'K190800327', 'muhammad.firdaus', 'MRF', 'muhammad.firdaus@kalbenutritionals.com', '#N/A', 'default.png', '$2y$12$AZqgg65Z9qjrb1IDM1DAqOAGKCAXnxLmUZGO1Tt5nxeFkhrkcds3m', NULL, 1, 'ADMIN', '2023-04-13 04:11:19', 'ADMIN', '2023-04-13 04:15:59'),
(244, 3, 9, 35, 22, 132, 'SAIDIN IMRON WIJAYA', 'K191000365', 'saidin.wijaya', 'SIW', 'saidin.wijaya@kalbenutritionals.com', '#N/A', 'default.png', '$2y$12$AZqgg65Z9qjrb1IDM1DAqOAGKCAXnxLmUZGO1Tt5nxeFkhrkcds3m', NULL, 1, 'ADMIN', '2023-04-13 04:11:19', 'ADMIN', '2023-04-13 04:15:59'),
(245, 3, 7, 27, 18, 130, 'BIMA DWI ATMAJA', 'K191100397', 'bima.atmaja', 'BDA', 'bima.atmaja@kalbenutritionals.com', '#N/A', 'default.png', '$2y$12$AZqgg65Z9qjrb1IDM1DAqOAGKCAXnxLmUZGO1Tt5nxeFkhrkcds3m', NULL, 1, 'ADMIN', '2023-04-13 04:11:19', 'ADMIN', '2023-04-13 04:15:59'),
(246, 3, 9, 35, 24, 133, 'DANANG PRASETIYO', 'K200200052', 'danang.prasetiyo', 'DPO', 'danang.prasetiyo@kalbenutritionals.com', '#N/A', 'default.png', '$2y$12$AZqgg65Z9qjrb1IDM1DAqOAGKCAXnxLmUZGO1Tt5nxeFkhrkcds3m', NULL, 1, 'ADMIN', '2023-04-13 04:11:19', 'ADMIN', '2023-04-13 04:15:59'),
(247, 3, 7, 27, 16, 129, 'DANIEL ABRAHAM SINAMBELA', 'K200300084', 'daniel.sinambela', 'DAS', 'daniel.sinambela@kalbenutritionals.com', '#N/A', 'default.png', '$2y$12$AZqgg65Z9qjrb1IDM1DAqOAGKCAXnxLmUZGO1Tt5nxeFkhrkcds3m', NULL, 1, 'ADMIN', '2023-04-13 04:11:19', 'ADMIN', '2023-04-13 04:15:59'),
(248, 3, 9, 35, 22, 132, 'NUR AHMAD BUKHORI AINUL YAQIN AL FAIZ', 'K200300085', 'nur.faiz', 'NAB', 'nur.faiz@kalbenutritionals.com', '#N/A', 'default.png', '$2y$12$AZqgg65Z9qjrb1IDM1DAqOAGKCAXnxLmUZGO1Tt5nxeFkhrkcds3m', NULL, 1, 'ADMIN', '2023-04-13 04:11:19', 'ADMIN', '2023-04-13 04:15:59'),
(249, 3, 7, 27, 17, 134, 'ANGGA SAEPUL HAJAN', 'K200300088', 'angga.hajan', 'ASH', 'angga.hajan@kalbenutritionals.com', '#N/A', 'default.png', '$2y$12$AZqgg65Z9qjrb1IDM1DAqOAGKCAXnxLmUZGO1Tt5nxeFkhrkcds3m', NULL, 1, 'ADMIN', '2023-04-13 04:11:19', 'ADMIN', '2023-04-13 04:15:59'),
(250, 3, 9, 35, 22, 133, 'DEDEN JAELANI', 'K200300089', 'deden.jaelani', 'DJI', 'deden.jaelani@kalbenutritionals.com', '#N/A', 'default.png', '$2y$12$AZqgg65Z9qjrb1IDM1DAqOAGKCAXnxLmUZGO1Tt5nxeFkhrkcds3m', NULL, 1, 'ADMIN', '2023-04-13 04:11:19', 'ADMIN', '2023-04-13 04:15:59'),
(251, 3, 7, 27, 12, 135, 'ZAENUDIN', 'K200400108', 'zaenudin.zaenudin', 'ZAE', 'zaenudin.zaenudin@kalbenutritionals.com', '#N/A', 'default.png', '$2y$12$AZqgg65Z9qjrb1IDM1DAqOAGKCAXnxLmUZGO1Tt5nxeFkhrkcds3m', NULL, 1, 'ADMIN', '2023-04-13 04:11:19', 'ADMIN', '2023-04-13 04:15:59'),
(252, 3, 9, 35, 24, 136, 'DIKA LESMANA', 'K200500146', 'dika.lesmana', 'DLA', 'dika.lesmana@kalbenutritionals.com', '#N/A', 'default.png', '$2y$12$AZqgg65Z9qjrb1IDM1DAqOAGKCAXnxLmUZGO1Tt5nxeFkhrkcds3m', NULL, 1, 'ADMIN', '2023-04-13 04:11:19', 'ADMIN', '2023-04-13 04:15:59'),
(253, 3, 9, 35, 24, 137, 'DIAN HADIAN', 'K200600145', 'dian.hadian', 'DHN', 'dian.hadian@kalbenutritionals.com', '#N/A', 'default.png', '$2y$12$AZqgg65Z9qjrb1IDM1DAqOAGKCAXnxLmUZGO1Tt5nxeFkhrkcds3m', NULL, 1, 'ADMIN', '2023-04-13 04:11:19', 'ADMIN', '2023-04-13 04:15:59'),
(254, 3, 9, 35, 23, 138, 'NUKMANUL ANWAR', 'K200600151', 'nukmanul.anwar', 'NAR', 'nukmanul.anwar@kalbenutritionals.com', '#N/A', 'default.png', '$2y$12$AZqgg65Z9qjrb1IDM1DAqOAGKCAXnxLmUZGO1Tt5nxeFkhrkcds3m', NULL, 1, 'ADMIN', '2023-04-13 04:11:19', 'ADMIN', '2023-04-13 04:15:59'),
(255, 3, 9, 35, 24, 133, 'TODO ARDO SINAGA', 'K200600153', 'todo.sinaga', 'TAS', 'todo.sinaga@kalbenutritionals.com', '#N/A', 'default.png', '$2y$12$AZqgg65Z9qjrb1IDM1DAqOAGKCAXnxLmUZGO1Tt5nxeFkhrkcds3m', NULL, 1, 'ADMIN', '2023-04-13 04:11:19', 'ADMIN', '2023-04-13 04:15:59'),
(256, 3, 9, 35, 24, 133, 'RINO', 'K200600176', 'rino.rino', 'RNO', 'rino.rino@kalbenutritionals.com', '#N/A', 'default.png', '$2y$12$AZqgg65Z9qjrb1IDM1DAqOAGKCAXnxLmUZGO1Tt5nxeFkhrkcds3m', NULL, 1, 'ADMIN', '2023-04-13 04:11:19', 'ADMIN', '2023-04-13 04:15:59'),
(257, 3, 1, 4, 2, 7, 'ADE RAHMAN', 'K200700207', 'ade.rahman', 'ARM', 'ade.rahman@kalbenutritionals.com', '#N/A', 'default.png', '$2y$12$AZqgg65Z9qjrb1IDM1DAqOAGKCAXnxLmUZGO1Tt5nxeFkhrkcds3m', NULL, 1, 'ADMIN', '2023-04-13 04:11:19', 'ADMIN', '2023-04-13 04:15:59'),
(258, 3, 3, 21, 24, 139, 'BUDI UTOYO', 'K200700231', 'budi.utoyo', 'BUO', 'budi.utoyo@kalbenutritionals.com', '105', 'default.png', '$2y$12$AZqgg65Z9qjrb1IDM1DAqOAGKCAXnxLmUZGO1Tt5nxeFkhrkcds3m', NULL, 1, 'ADMIN', '2023-04-13 04:11:19', 'ADMIN', '2023-04-13 04:15:59'),
(259, 3, 7, 27, 15, 56, 'M. ALDI LA MUCHTAR', 'K200800227', 'm..muchtar', 'MAL', 'm..muchtar@kalbenutritionals.com', '#N/A', 'default.png', '$2y$12$AZqgg65Z9qjrb1IDM1DAqOAGKCAXnxLmUZGO1Tt5nxeFkhrkcds3m', NULL, 1, 'ADMIN', '2023-04-13 04:11:19', 'ADMIN', '2023-04-13 04:15:59'),
(260, 3, 9, 35, 24, 133, 'ADIKA TRYPUTRANTO', 'K200800232', 'adika.tryputranto', 'ATT', 'adika.tryputranto@kalbenutritionals.com', '#N/A', 'default.png', '$2y$12$AZqgg65Z9qjrb1IDM1DAqOAGKCAXnxLmUZGO1Tt5nxeFkhrkcds3m', NULL, 1, 'ADMIN', '2023-04-13 04:11:19', 'ADMIN', '2023-04-13 04:15:59'),
(261, 3, 9, 35, 24, 133, 'DEDE ISKANDAR', 'K200800233', 'dede.iskandar', 'DIR', 'dede.iskandar@kalbenutritionals.com', '#N/A', 'default.png', '$2y$12$AZqgg65Z9qjrb1IDM1DAqOAGKCAXnxLmUZGO1Tt5nxeFkhrkcds3m', NULL, 1, 'ADMIN', '2023-04-13 04:11:19', 'ADMIN', '2023-04-13 04:15:59'),
(262, 3, 6, 8, 5, 140, 'AJI APRIALDI', 'K200800241', 'aji.aprialdi', 'AAI', 'aji.aprialdi@kalbenutritionals.com', '#N/A', 'default.png', '$2y$12$AZqgg65Z9qjrb1IDM1DAqOAGKCAXnxLmUZGO1Tt5nxeFkhrkcds3m', NULL, 1, 'ADMIN', '2023-04-13 04:11:19', 'ADMIN', '2023-04-13 04:15:59'),
(263, 3, 7, 27, 13, 135, 'DIKI MAULANA', 'K200900258', 'diki.maulana', 'DMA', 'diki.maulana@kalbenutritionals.com', '#N/A', 'default.png', '$2y$12$AZqgg65Z9qjrb1IDM1DAqOAGKCAXnxLmUZGO1Tt5nxeFkhrkcds3m', NULL, 1, 'ADMIN', '2023-04-13 04:11:19', 'ADMIN', '2023-04-13 04:15:59'),
(264, 3, 7, 27, 14, 135, 'MOHAMAD YUDI PERMANA', 'K200900259', 'mohamad.permana', 'MYP', 'mohamad.permana@kalbenutritionals.com', '#N/A', 'default.png', '$2y$12$AZqgg65Z9qjrb1IDM1DAqOAGKCAXnxLmUZGO1Tt5nxeFkhrkcds3m', NULL, 1, 'ADMIN', '2023-04-13 04:11:19', 'ADMIN', '2023-04-13 04:15:59'),
(265, 3, 9, 35, 23, 138, 'AHMAD MUDDAI', 'K200900262', 'ahmad.muddai', 'AMI', 'ahmad.muddai@kalbenutritionals.com', '#N/A', 'default.png', '$2y$12$AZqgg65Z9qjrb1IDM1DAqOAGKCAXnxLmUZGO1Tt5nxeFkhrkcds3m', NULL, 1, 'ADMIN', '2023-04-13 04:11:19', 'ADMIN', '2023-04-13 04:15:59'),
(266, 3, 8, 31, 21, 141, 'EKKY MUHAMMAD RIZKULLAH', 'K201000279', 'ekky.rizkullah', 'EMR', 'ekky.rizkullah@kalbenutritionals.com', '#N/A', 'default.png', '$2y$12$AZqgg65Z9qjrb1IDM1DAqOAGKCAXnxLmUZGO1Tt5nxeFkhrkcds3m', NULL, 1, 'ADMIN', '2023-04-13 04:11:19', 'ADMIN', '2023-04-13 04:15:59'),
(267, 3, 7, 27, 16, 129, 'DAVIDS', 'K201000285', 'davids.davids', 'DVS', 'davids.davids@kalbenutritionals.com', '#N/A', 'default.png', '$2y$12$AZqgg65Z9qjrb1IDM1DAqOAGKCAXnxLmUZGO1Tt5nxeFkhrkcds3m', NULL, 1, 'ADMIN', '2023-04-13 04:11:19', 'ADMIN', '2023-04-13 04:15:59'),
(268, 3, 9, 35, 24, 133, 'IQBAL SYAHRINDRA MUSTOPA', 'K201000286', 'iqbal.mustopa', 'ISM', 'iqbal.mustopa@kalbenutritionals.com', '#N/A', 'default.png', '$2y$12$AZqgg65Z9qjrb1IDM1DAqOAGKCAXnxLmUZGO1Tt5nxeFkhrkcds3m', NULL, 1, 'ADMIN', '2023-04-13 04:11:19', 'ADMIN', '2023-04-13 04:15:59'),
(269, 3, 4, 12, 7, 142, 'DWI KARTIKA', 'K201000287', 'dwi.kartika', 'DKA', 'dwi.kartika@kalbenutritionals.com', '#N/A', 'default.png', '$2y$12$AZqgg65Z9qjrb1IDM1DAqOAGKCAXnxLmUZGO1Tt5nxeFkhrkcds3m', NULL, 1, 'ADMIN', '2023-04-13 04:11:19', 'ADMIN', '2023-04-13 04:15:59'),
(270, 3, 7, 27, 15, 135, 'ANGGRI PRIWANDA', 'K201000295', 'anggri.priwanda', 'APW', 'anggri.priwanda@kalbenutritionals.com', '#N/A', 'default.png', '$2y$12$AZqgg65Z9qjrb1IDM1DAqOAGKCAXnxLmUZGO1Tt5nxeFkhrkcds3m', NULL, 1, 'ADMIN', '2023-04-13 04:11:19', 'ADMIN', '2023-04-13 04:15:59'),
(271, 3, 7, 27, 15, 135, 'AHMAD KHAERUL FIKRI', 'K201000296', 'ahmad.fikri', 'AKF', 'ahmad.fikri@kalbenutritionals.com', '#N/A', 'default.png', '$2y$12$AZqgg65Z9qjrb1IDM1DAqOAGKCAXnxLmUZGO1Tt5nxeFkhrkcds3m', NULL, 1, 'ADMIN', '2023-04-13 04:11:19', 'ADMIN', '2023-04-13 04:15:59'),
(272, 3, 7, 27, 13, 135, 'DENDI PRIMADI', 'K201000297', 'dendi.primadi', 'DPI', 'dendi.primadi@kalbenutritionals.com', '#N/A', 'default.png', '$2y$12$AZqgg65Z9qjrb1IDM1DAqOAGKCAXnxLmUZGO1Tt5nxeFkhrkcds3m', NULL, 1, 'ADMIN', '2023-04-13 04:11:19', 'ADMIN', '2023-04-13 04:15:59'),
(273, 3, 7, 27, 17, 130, 'AGUS WIDIYANTO', 'K201100303', 'agus.widiyanto', 'AWO', 'agus.widiyanto@kalbenutritionals.com', '#N/A', 'default.png', '$2y$12$AZqgg65Z9qjrb1IDM1DAqOAGKCAXnxLmUZGO1Tt5nxeFkhrkcds3m', NULL, 1, 'ADMIN', '2023-04-13 04:11:19', 'ADMIN', '2023-04-13 04:15:59'),
(274, 3, 8, 31, 21, 141, 'SARAH SANUBARI', 'K201100306', 'sarah.sanubari', 'SSI', 'sarah.sanubari@kalbenutritionals.com', '#N/A', 'default.png', '$2y$12$AZqgg65Z9qjrb1IDM1DAqOAGKCAXnxLmUZGO1Tt5nxeFkhrkcds3m', NULL, 1, 'ADMIN', '2023-04-13 04:11:19', 'ADMIN', '2023-04-13 04:15:59'),
(275, 3, 9, 35, 24, 137, 'MASTANI', 'K201100308', 'mastani.mastani', 'MTI', 'mastani.mastani@kalbenutritionals.com', '#N/A', 'default.png', '$2y$12$AZqgg65Z9qjrb1IDM1DAqOAGKCAXnxLmUZGO1Tt5nxeFkhrkcds3m', NULL, 1, 'ADMIN', '2023-04-13 04:11:19', 'ADMIN', '2023-04-13 04:15:59'),
(276, 3, 9, 35, 24, 133, 'MUHAMAD AKMAL AZIIZ', 'K201100309', 'muhamad.aziiz', 'MAA', 'muhamad.aziiz@kalbenutritionals.com', '#N/A', 'default.png', '$2y$12$AZqgg65Z9qjrb1IDM1DAqOAGKCAXnxLmUZGO1Tt5nxeFkhrkcds3m', NULL, 1, 'ADMIN', '2023-04-13 04:11:19', 'ADMIN', '2023-04-13 04:15:59'),
(277, 3, 7, 27, 19, 143, 'ARI DESAR PAMUNGKAS', 'K201100311', 'ari.pamungkas', 'ADP', 'ari.pamungkas@kalbenutritionals.com', '#N/A', 'default.png', '$2y$12$AZqgg65Z9qjrb1IDM1DAqOAGKCAXnxLmUZGO1Tt5nxeFkhrkcds3m', NULL, 1, 'ADMIN', '2023-04-13 04:11:19', 'ADMIN', '2023-04-13 04:15:59'),
(278, 3, 9, 35, 22, 132, 'HERU TRI MARDIAN', 'K201200336', 'heru.mardian', 'HTM', 'heru.mardian@kalbenutritionals.com', '#N/A', 'default.png', '$2y$12$AZqgg65Z9qjrb1IDM1DAqOAGKCAXnxLmUZGO1Tt5nxeFkhrkcds3m', NULL, 1, 'ADMIN', '2023-04-13 04:11:19', 'ADMIN', '2023-04-13 04:15:59'),
(279, 3, 9, 35, 22, 136, 'ZAKARIA', 'K210100001', 'zakaria.zakaria', 'ZKA', 'zakaria.zakaria@kalbenutritionals.com', '#N/A', 'default.png', '$2y$12$AZqgg65Z9qjrb1IDM1DAqOAGKCAXnxLmUZGO1Tt5nxeFkhrkcds3m', NULL, 1, 'ADMIN', '2023-04-13 04:11:19', 'ADMIN', '2023-04-13 04:15:59'),
(280, 3, 5, 16, 8, 144, 'DINA OKTAVIA PUTRI', 'K210100003', 'dina.putri', 'DOP', 'dina.putri@kalbenutritionals.com', '#N/A', 'default.png', '$2y$12$AZqgg65Z9qjrb1IDM1DAqOAGKCAXnxLmUZGO1Tt5nxeFkhrkcds3m', NULL, 1, 'ADMIN', '2023-04-13 04:11:19', 'ADMIN', '2023-04-13 04:15:59'),
(281, 3, 9, 35, 24, 133, 'SETIA MAULANA', 'K210200048', 'setia.maulana', 'SMA', 'setia.maulana@kalbenutritionals.com', '#N/A', 'default.png', '$2y$12$AZqgg65Z9qjrb1IDM1DAqOAGKCAXnxLmUZGO1Tt5nxeFkhrkcds3m', NULL, 1, 'ADMIN', '2023-04-13 04:11:19', 'ADMIN', '2023-04-13 04:15:59'),
(282, 3, 7, 27, 14, 135, 'ABI YOGA ASMARA', 'K210200049', 'abi.asmara', 'AYA', 'abi.asmara@kalbenutritionals.com', '#N/A', 'default.png', '$2y$12$AZqgg65Z9qjrb1IDM1DAqOAGKCAXnxLmUZGO1Tt5nxeFkhrkcds3m', NULL, 1, 'ADMIN', '2023-04-13 04:11:19', 'ADMIN', '2023-04-13 04:15:59'),
(283, 3, 7, 27, 18, 129, 'HISAR DESMON SINAGA', 'K210200050', 'hisar.sinaga', 'HDS', 'hisar.sinaga@kalbenutritionals.com', '#N/A', 'default.png', '$2y$12$AZqgg65Z9qjrb1IDM1DAqOAGKCAXnxLmUZGO1Tt5nxeFkhrkcds3m', NULL, 1, 'ADMIN', '2023-04-13 04:11:19', 'ADMIN', '2023-04-13 04:15:59'),
(284, 3, 7, 27, 18, 130, 'AHMAD', 'K210200054', 'ahmad.ahmad', 'AMD', 'ahmad.ahmad@kalbenutritionals.com', '#N/A', 'default.png', '$2y$12$AZqgg65Z9qjrb1IDM1DAqOAGKCAXnxLmUZGO1Tt5nxeFkhrkcds3m', NULL, 1, 'ADMIN', '2023-04-13 04:11:19', 'ADMIN', '2023-04-13 04:15:59'),
(285, 3, 7, 27, 18, 130, 'DEDEN RUHDIANTO', 'K210200062', 'deden.ruhdianto', 'DRU', 'deden.ruhdianto@kalbenutritionals.com', '#N/A', 'default.png', '$2y$12$AZqgg65Z9qjrb1IDM1DAqOAGKCAXnxLmUZGO1Tt5nxeFkhrkcds3m', NULL, 1, 'ADMIN', '2023-04-13 04:11:19', 'ADMIN', '2023-04-13 04:15:59'),
(286, 3, 7, 27, 13, 92, 'KHONSA', 'K210300077', 'khonsa.khonsa', 'KHN', 'khonsa.khonsa@kalbenutritionals.com', '#N/A', 'default.png', '$2y$12$AZqgg65Z9qjrb1IDM1DAqOAGKCAXnxLmUZGO1Tt5nxeFkhrkcds3m', NULL, 1, 'ADMIN', '2023-04-13 04:11:19', 'ADMIN', '2023-04-13 04:15:59'),
(287, 3, 7, 27, 15, 135, 'RUSTA RUSDIANTO', 'K210300079', 'rusta.rusdianto', 'RST', 'rusta.rusdianto@kalbenutritionals.com', '#N/A', 'default.png', '$2y$12$AZqgg65Z9qjrb1IDM1DAqOAGKCAXnxLmUZGO1Tt5nxeFkhrkcds3m', NULL, 1, 'ADMIN', '2023-04-13 04:11:19', 'ADMIN', '2023-04-13 04:15:59'),
(288, 3, 7, 27, 15, 135, 'ABDUL KHARIS', 'K210300080', 'abdul.kharis', 'AKS', 'abdul.kharis@kalbenutritionals.com', '#N/A', 'default.png', '$2y$12$AZqgg65Z9qjrb1IDM1DAqOAGKCAXnxLmUZGO1Tt5nxeFkhrkcds3m', NULL, 1, 'ADMIN', '2023-04-13 04:11:19', 'ADMIN', '2023-04-13 04:15:59'),
(289, 3, 7, 27, 15, 135, 'ENJAY ZARKASIH', 'K210300086', 'enjay.zarkasih', 'ENJ', 'enjay.zarkasih@kalbenutritionals.com', '#N/A', 'default.png', '$2y$12$AZqgg65Z9qjrb1IDM1DAqOAGKCAXnxLmUZGO1Tt5nxeFkhrkcds3m', NULL, 1, 'ADMIN', '2023-04-13 04:11:19', 'ADMIN', '2023-04-13 04:15:59'),
(290, 3, 7, 27, 19, 135, 'LUKMAN NULHAKIM', 'K210300098', 'lukman.nulhakim', 'LNH', 'lukman.nulhakim@kalbenutritionals.com', '#N/A', 'default.png', '$2y$12$AZqgg65Z9qjrb1IDM1DAqOAGKCAXnxLmUZGO1Tt5nxeFkhrkcds3m', NULL, 1, 'ADMIN', '2023-04-13 04:11:19', 'ADMIN', '2023-04-13 04:15:59'),
(291, 3, 7, 27, 17, 134, 'SAUD SIHOMBING', 'K210300099', 'saud.sihombing', 'JSS', 'saud.sihombing@kalbenutritionals.com', '#N/A', 'default.png', '$2y$12$AZqgg65Z9qjrb1IDM1DAqOAGKCAXnxLmUZGO1Tt5nxeFkhrkcds3m', NULL, 1, 'ADMIN', '2023-04-13 04:11:19', 'ADMIN', '2023-04-13 04:15:59'),
(292, 3, 7, 27, 18, 134, 'ODI NANDANG SOMANTRI', 'K210400104', 'odi.somantri', 'ONS', 'odi.somantri@kalbenutritionals.com', '#N/A', 'default.png', '$2y$12$AZqgg65Z9qjrb1IDM1DAqOAGKCAXnxLmUZGO1Tt5nxeFkhrkcds3m', NULL, 1, 'ADMIN', '2023-04-13 04:11:19', 'ADMIN', '2023-04-13 04:15:59'),
(293, 3, 7, 27, 17, 130, 'ALI RAMDANI', 'K210400107', 'ali.ramdani', 'ARI', 'ali.ramdani@kalbenutritionals.com', '#N/A', 'default.png', '$2y$12$AZqgg65Z9qjrb1IDM1DAqOAGKCAXnxLmUZGO1Tt5nxeFkhrkcds3m', NULL, 1, 'ADMIN', '2023-04-13 04:11:19', 'ADMIN', '2023-04-13 04:15:59'),
(294, 3, 8, 31, 21, 141, 'MUHAMAD ADE SUJAI', 'K210400108', 'muhamad.sujai', 'MAS', 'muhamad.sujai@kalbenutritionals.com', '#N/A', 'default.png', '$2y$12$AZqgg65Z9qjrb1IDM1DAqOAGKCAXnxLmUZGO1Tt5nxeFkhrkcds3m', NULL, 1, 'ADMIN', '2023-04-13 04:11:19', 'ADMIN', '2023-04-13 04:15:59'),
(295, 3, 9, 35, 24, 137, 'IMAN SANDI', 'K210500154', 'iman.sandi', 'ISI', 'iman.sandi@kalbenutritionals.com', '#N/A', 'default.png', '$2y$12$AZqgg65Z9qjrb1IDM1DAqOAGKCAXnxLmUZGO1Tt5nxeFkhrkcds3m', NULL, 1, 'ADMIN', '2023-04-13 04:11:19', 'ADMIN', '2023-04-13 04:15:59'),
(296, 3, 9, 35, 22, 137, 'ANGGI IRWANSYAH', 'K210500161', 'anggi.irwansyah', 'AIH', 'anggi.irwansyah@kalbenutritionals.com', '#N/A', 'default.png', '$2y$12$AZqgg65Z9qjrb1IDM1DAqOAGKCAXnxLmUZGO1Tt5nxeFkhrkcds3m', NULL, 1, 'ADMIN', '2023-04-13 04:11:19', 'ADMIN', '2023-04-13 04:15:59'),
(297, 3, 1, 4, 2, 7, 'UBAIDILAH ALI MURTADHO', 'K210600175', 'ubaidilah.murtadho', 'UAM', 'ubaidilah.murtadho@kalbenutritionals.com', '#N/A', 'default.png', '$2y$12$AZqgg65Z9qjrb1IDM1DAqOAGKCAXnxLmUZGO1Tt5nxeFkhrkcds3m', NULL, 1, 'ADMIN', '2023-04-13 04:11:19', 'ADMIN', '2023-04-13 04:15:59'),
(298, 3, 9, 35, 24, 137, 'TAUFIK HIDAYAT TU\'MARUF', 'K210600177', 'taufik.tu\'maruf', 'THT', 'taufik.tu\'maruf@kalbenutritionals.com', '#N/A', 'default.png', '$2y$12$AZqgg65Z9qjrb1IDM1DAqOAGKCAXnxLmUZGO1Tt5nxeFkhrkcds3m', NULL, 1, 'ADMIN', '2023-04-13 04:11:19', 'ADMIN', '2023-04-13 04:15:59'),
(299, 3, 9, 35, 24, 133, 'DANI ENDAR MULYANA', 'K210700205', 'dani.mulyana', 'DEM', 'dani.mulyana@kalbenutritionals.com', '#N/A', 'default.png', '$2y$12$AZqgg65Z9qjrb1IDM1DAqOAGKCAXnxLmUZGO1Tt5nxeFkhrkcds3m', NULL, 1, 'ADMIN', '2023-04-13 04:11:19', 'ADMIN', '2023-04-13 04:15:59'),
(300, 3, 8, 31, 20, 145, 'MUHAMMAD ALFIN BASYAR', 'K210700211', 'muhammad.basyar', 'MAB', 'muhammad.basyar@kalbenutritionals.com', '#N/A', 'default.png', '$2y$12$AZqgg65Z9qjrb1IDM1DAqOAGKCAXnxLmUZGO1Tt5nxeFkhrkcds3m', NULL, 1, 'ADMIN', '2023-04-13 04:11:19', 'ADMIN', '2023-04-13 04:15:59'),
(301, 3, 6, 8, 4, 117, 'IRFAN SUHEGAR', 'K210900224', 'irfan.suhegar', 'ISR', 'irfan.suhegar@kalbenutritionals.com', '#N/A', 'default.png', '$2y$12$AZqgg65Z9qjrb1IDM1DAqOAGKCAXnxLmUZGO1Tt5nxeFkhrkcds3m', NULL, 1, 'ADMIN', '2023-04-13 04:11:19', 'ADMIN', '2023-04-13 04:15:59'),
(302, 3, 7, 27, 17, 134, 'YOSA NIZAR FERNANTA', 'K210900227', 'yosa.fernanta', 'YNF', 'yosa.fernanta@kalbenutritionals.com', '#N/A', 'default.png', '$2y$12$AZqgg65Z9qjrb1IDM1DAqOAGKCAXnxLmUZGO1Tt5nxeFkhrkcds3m', NULL, 1, 'ADMIN', '2023-04-13 04:11:19', 'ADMIN', '2023-04-13 04:15:59'),
(303, 3, 9, 35, 23, 138, 'ANDI MUNTAHA', 'K211000233', 'andi.muntaha', 'AMA', 'andi.muntaha@kalbenutritionals.com', '#N/A', 'default.png', '$2y$12$AZqgg65Z9qjrb1IDM1DAqOAGKCAXnxLmUZGO1Tt5nxeFkhrkcds3m', NULL, 1, 'ADMIN', '2023-04-13 04:11:19', 'ADMIN', '2023-04-13 04:15:59'),
(304, 3, 7, 27, 14, 135, 'MULYANA', 'K220200017', 'mulyana.mulyana', 'MYA', 'mulyana.mulyana@kalbenutritionals.com', '#N/A', 'default.png', '$2y$12$AZqgg65Z9qjrb1IDM1DAqOAGKCAXnxLmUZGO1Tt5nxeFkhrkcds3m', NULL, 1, 'ADMIN', '2023-04-13 04:11:19', 'ADMIN', '2023-04-13 04:15:59'),
(305, 3, 7, 27, 14, 135, 'HENDI', 'K220200018', 'hendi.hendi', 'HDI', 'hendi.hendi@kalbenutritionals.com', '#N/A', 'default.png', '$2y$12$AZqgg65Z9qjrb1IDM1DAqOAGKCAXnxLmUZGO1Tt5nxeFkhrkcds3m', NULL, 1, 'ADMIN', '2023-04-13 04:11:19', 'ADMIN', '2023-04-13 04:15:59'),
(306, 3, 7, 27, 19, 135, 'ROBI SUPRIADI', 'K220200025', 'robi.supriadi', 'RBS', 'robi.supriadi@kalbenutritionals.com', '#N/A', 'default.png', '$2y$12$AZqgg65Z9qjrb1IDM1DAqOAGKCAXnxLmUZGO1Tt5nxeFkhrkcds3m', NULL, 1, 'ADMIN', '2023-04-13 04:11:19', 'ADMIN', '2023-04-13 04:15:59'),
(307, 3, 7, 27, 19, 135, 'ASEP JAMALUDIN', 'K220200026', 'asep.jamaludin', 'AJL', 'asep.jamaludin@kalbenutritionals.com', '#N/A', 'default.png', '$2y$12$AZqgg65Z9qjrb1IDM1DAqOAGKCAXnxLmUZGO1Tt5nxeFkhrkcds3m', NULL, 1, 'ADMIN', '2023-04-13 04:11:19', 'ADMIN', '2023-04-13 04:15:59'),
(308, 3, 1, 4, 2, 146, 'ASEP SETIAWAN', 'K220300040', 'asep.setiawan', 'ASN', 'asep.setiawan@kalbenutritionals.com', '#N/A', 'default.png', '$2y$12$AZqgg65Z9qjrb1IDM1DAqOAGKCAXnxLmUZGO1Tt5nxeFkhrkcds3m', NULL, 1, 'ADMIN', '2023-04-13 04:11:19', 'ADMIN', '2023-04-13 04:15:59'),
(309, 3, 7, 27, 15, 135, 'ANWAR ZAELANI', 'K220400056', 'anwar.zaelani', 'AZI', 'anwar.zaelani@kalbenutritionals.com', '#N/A', 'default.png', '$2y$12$AZqgg65Z9qjrb1IDM1DAqOAGKCAXnxLmUZGO1Tt5nxeFkhrkcds3m', NULL, 1, 'ADMIN', '2023-04-13 04:11:19', 'ADMIN', '2023-04-13 04:15:59'),
(310, 3, 7, 27, 19, 135, 'ERIK SUSANTO', 'K220400065', 'erik.susanto', 'ESO', 'erik.susanto@kalbenutritionals.com', '#N/A', 'default.png', '$2y$12$AZqgg65Z9qjrb1IDM1DAqOAGKCAXnxLmUZGO1Tt5nxeFkhrkcds3m', NULL, 1, 'ADMIN', '2023-04-13 04:11:19', 'ADMIN', '2023-04-13 04:15:59'),
(311, 3, 7, 27, 13, 135, 'RETSU EKA TITIS', 'K220400071', 'retsu.titis', 'RET', 'retsu.titis@kalbenutritionals.com', '#N/A', 'default.png', '$2y$12$AZqgg65Z9qjrb1IDM1DAqOAGKCAXnxLmUZGO1Tt5nxeFkhrkcds3m', NULL, 1, 'ADMIN', '2023-04-13 04:11:19', 'ADMIN', '2023-04-13 04:15:59'),
(312, 3, 8, 31, 20, 147, 'FAISAL FERDIANSYAH PUTRA', 'K220400073', 'faisal.putra', 'FFA', 'faisal.putra@kalbenutritionals.com', '#N/A', 'default.png', '$2y$12$AZqgg65Z9qjrb1IDM1DAqOAGKCAXnxLmUZGO1Tt5nxeFkhrkcds3m', NULL, 1, 'ADMIN', '2023-04-13 04:11:19', 'ADMIN', '2023-04-13 04:15:59'),
(313, 3, 9, 35, 23, 138, 'AZIZ MUSTOFA', 'K220500075', 'aziz.mustofa', 'AMF', 'aziz.mustofa@kalbenutritionals.com', '#N/A', 'default.png', '$2y$12$AZqgg65Z9qjrb1IDM1DAqOAGKCAXnxLmUZGO1Tt5nxeFkhrkcds3m', NULL, 1, 'ADMIN', '2023-04-13 04:11:19', 'ADMIN', '2023-04-13 04:15:59'),
(314, 3, 9, 35, 22, 137, 'MUHAMMAD ALGHANI', 'K220600100', 'muhamad.alghani', 'MAG', 'muhamad.alghani@kalbenutritionals.com', '#N/A', 'default.png', '$2y$12$AZqgg65Z9qjrb1IDM1DAqOAGKCAXnxLmUZGO1Tt5nxeFkhrkcds3m', NULL, 1, 'ADMIN', '2023-04-13 04:11:19', 'ADMIN', '2023-04-13 04:15:59'),
(315, 3, 9, 35, 23, 138, 'YANA RUDIANA', 'K220600103', 'yana.rudiana', 'YRA', 'yana.rudiana@kalbenutritionals.com', '#N/A', 'default.png', '$2y$12$AZqgg65Z9qjrb1IDM1DAqOAGKCAXnxLmUZGO1Tt5nxeFkhrkcds3m', NULL, 1, 'ADMIN', '2023-04-13 04:11:19', 'ADMIN', '2023-04-13 04:15:59'),
(316, 3, 9, 35, 24, 137, 'NANDI SUNARDI', 'K220600104', 'nandi.sunardi', 'NSI', 'nandi.sunardi@kalbenutritionals.com', '#N/A', 'default.png', '$2y$12$AZqgg65Z9qjrb1IDM1DAqOAGKCAXnxLmUZGO1Tt5nxeFkhrkcds3m', NULL, 1, 'ADMIN', '2023-04-13 04:11:19', 'ADMIN', '2023-04-13 04:15:59'),
(317, 3, 9, 35, 24, 137, 'DWI LESNA PRASETYO', 'K220600105', 'dwi.prasetyo', 'DLP', 'dwi.prasetyo@kalbenutritionals.com', '#N/A', 'default.png', '$2y$12$AZqgg65Z9qjrb1IDM1DAqOAGKCAXnxLmUZGO1Tt5nxeFkhrkcds3m', NULL, 1, 'ADMIN', '2023-04-13 04:11:19', 'ADMIN', '2023-04-13 04:15:59'),
(318, 3, 9, 35, 22, 133, 'RIYAN MAULANA YUSUF', 'K220600106', 'riyan.yusuf', 'RMY', 'riyan.yusuf@kalbenutritionals.com', '#N/A', 'default.png', '$2y$12$AZqgg65Z9qjrb1IDM1DAqOAGKCAXnxLmUZGO1Tt5nxeFkhrkcds3m', NULL, 1, 'ADMIN', '2023-04-13 04:11:19', 'ADMIN', '2023-04-13 04:15:59'),
(319, 3, 7, 27, 14, 135, 'VICKY ARDIANSYAH', 'K220600108', 'vicky.ardiansyah', 'VKY', 'vicky.ardiansyah@kalbenutritionals.com', '#N/A', 'default.png', '$2y$12$AZqgg65Z9qjrb1IDM1DAqOAGKCAXnxLmUZGO1Tt5nxeFkhrkcds3m', NULL, 1, 'ADMIN', '2023-04-13 04:11:19', 'ADMIN', '2023-04-13 04:15:59'),
(320, 3, 9, 35, 22, 137, 'TIAS OKTAVIAN', 'K220600119', 'tias.oktavian', 'TON', 'tias.oktavian@kalbenutritionals.com', '#N/A', 'default.png', '$2y$12$AZqgg65Z9qjrb1IDM1DAqOAGKCAXnxLmUZGO1Tt5nxeFkhrkcds3m', NULL, 1, 'ADMIN', '2023-04-13 04:11:19', 'ADMIN', '2023-04-13 04:15:59'),
(321, 3, 7, 27, 19, 111, 'MAZMUR', 'K220700142', 'mazmur.mazmur', 'MZR', 'mazmur.mazmur@kalbenutritionals.com', '#N/A', 'default.png', '$2y$12$AZqgg65Z9qjrb1IDM1DAqOAGKCAXnxLmUZGO1Tt5nxeFkhrkcds3m', NULL, 1, 'ADMIN', '2023-04-13 04:11:19', 'ADMIN', '2023-04-13 04:15:59'),
(322, 3, 6, 8, 4, 148, 'NOSA RULI WALFAJRI', 'K220800151', 'nosa.walfajri', 'NRW', 'nosa.walfajri@kalbenutritionals.com', '#N/A', 'default.png', '$2y$12$AZqgg65Z9qjrb1IDM1DAqOAGKCAXnxLmUZGO1Tt5nxeFkhrkcds3m', NULL, 1, 'ADMIN', '2023-04-13 04:11:19', 'ADMIN', '2023-04-13 04:15:59'),
(323, 3, 4, 12, 6, 149, 'HANI NURAINI FAUZIYYAH', 'K220800163', 'hani.fauziyyah', 'HNF', 'hani.fauziyyah@kalbenutritionals.com', '#N/A', 'default.png', '$2y$12$AZqgg65Z9qjrb1IDM1DAqOAGKCAXnxLmUZGO1Tt5nxeFkhrkcds3m', NULL, 1, 'ADMIN', '2023-04-13 04:11:19', 'ADMIN', '2023-04-13 04:15:59'),
(324, 3, 8, 31, 21, 150, 'DEN ZUHARA IBNU', 'K221100201', 'den.ibnu', 'DZI', 'den.ibnu@kalbenutritionals.com', '#N/A', 'default.png', '$2y$12$AZqgg65Z9qjrb1IDM1DAqOAGKCAXnxLmUZGO1Tt5nxeFkhrkcds3m', NULL, 1, 'ADMIN', '2023-04-13 04:11:19', 'ADMIN', '2023-04-13 04:15:59'),
(325, 3, 4, 12, 6, 149, 'UMAR FAJAR', 'K221200210', 'umar.fajar', 'UFJ', 'umar.fajar@kalbenutritionals.com', '#N/A', 'default.png', '$2y$12$AZqgg65Z9qjrb1IDM1DAqOAGKCAXnxLmUZGO1Tt5nxeFkhrkcds3m', NULL, 1, 'ADMIN', '2023-04-13 04:11:19', 'ADMIN', '2023-04-13 04:15:59'),
(326, 3, 9, 35, 24, 137, 'ADITYA DAVIT NUGROHO', 'K230100015', 'aditya.nugroho', 'AND', 'aditya.nugroho@kalbenutritionals.com', '#N/A', 'default.png', '$2y$12$AZqgg65Z9qjrb1IDM1DAqOAGKCAXnxLmUZGO1Tt5nxeFkhrkcds3m', NULL, 1, 'ADMIN', '2023-04-13 04:11:19', 'ADMIN', '2023-04-13 04:15:59'),
(327, 3, 8, 31, 21, 83, 'MUHAMAD FIRMAN GANI', 'K230200018', 'muhamad.firman', 'MFG', 'muhamad.firman@kalbenutritionals.com', '#N/A', 'default.png', '$2y$12$AZqgg65Z9qjrb1IDM1DAqOAGKCAXnxLmUZGO1Tt5nxeFkhrkcds3m', NULL, 1, 'ADMIN', '2023-04-13 04:11:19', 'ADMIN', '2023-04-13 04:15:59'),
(328, 3, 8, 31, 20, 150, 'KANIA DEWI FITRIANI', 'K230200019', 'kania.fitriani', 'KDF', 'kania.fitriani@kalbenutritionals.com', '#N/A', 'default.png', '$2y$12$AZqgg65Z9qjrb1IDM1DAqOAGKCAXnxLmUZGO1Tt5nxeFkhrkcds3m', NULL, 1, 'ADMIN', '2023-04-13 04:11:19', 'ADMIN', '2023-04-13 04:15:59'),
(329, 3, 4, 12, 2, 149, 'PUTRI NUR RAHMAWATI', 'K230200024', 'putri.rahmawati', 'PNR', 'putri.rahmawati@kalbenutritionals.com', '#N/A', 'default.png', '$2y$12$AZqgg65Z9qjrb1IDM1DAqOAGKCAXnxLmUZGO1Tt5nxeFkhrkcds3m', NULL, 1, 'ADMIN', '2023-04-13 04:11:19', 'ADMIN', '2023-04-13 04:15:59'),
(330, 1, 8, 31, 21, 150, 'ALI DAVIT', 'K230200025', 'ali.davit', 'ADT', 'ali.davit@kalbenutritionals.com', '#N/A', 'default.png', '$2y$12$AZqgg65Z9qjrb1IDM1DAqOAGKCAXnxLmUZGO1Tt5nxeFkhrkcds3m', 'QUvkceYZ8eMmhpxWMOCvMia4r49vTxq7zU880nR16xL0xJqM76cmgOz92Baq', 1, 'ADMIN', '2023-04-13 04:11:19', 'ADMIN', '2023-04-13 04:21:07'),
(331, 3, 4, 12, 7, 151, 'LILIS SUMARNI', 'O180500043', 'lilis.sumarni', 'LSI', 'lilis.sumarni@kalbenutritionals.com', '#N/A', 'default.png', '$2y$12$AZqgg65Z9qjrb1IDM1DAqOAGKCAXnxLmUZGO1Tt5nxeFkhrkcds3m', NULL, 1, 'ADMIN', '2023-04-13 04:11:19', 'ADMIN', '2023-04-13 04:15:59'),
(332, 3, 4, 12, 7, 152, 'CAHYADI', 'O181200144', 'cahyadi.cahyadi', 'CYI', 'cahyadi.cahyadi@kalbenutritionals.com', '#N/A', 'default.png', '$2y$12$AZqgg65Z9qjrb1IDM1DAqOAGKCAXnxLmUZGO1Tt5nxeFkhrkcds3m', NULL, 1, 'ADMIN', '2023-04-13 04:11:19', 'ADMIN', '2023-04-13 04:15:59'),
(333, 3, 4, 12, 7, 152, 'TATANG MEINSYAHYAR', 'O190600102', 'tatang.meinsyahyar', 'TMR', 'tatang.meinsyahyar@kalbenutritionals.com', '#N/A', 'default.png', '$2y$12$AZqgg65Z9qjrb1IDM1DAqOAGKCAXnxLmUZGO1Tt5nxeFkhrkcds3m', NULL, 1, 'ADMIN', '2023-04-13 04:11:19', 'ADMIN', '2023-04-13 04:15:59'),
(334, 3, 4, 12, 7, 151, 'AEP SAEPULLOH', 'O190900163', 'aep.saepulloh', 'ASH', 'aep.saepulloh@kalbenutritionals.com', '#N/A', 'default.png', '$2y$12$AZqgg65Z9qjrb1IDM1DAqOAGKCAXnxLmUZGO1Tt5nxeFkhrkcds3m', NULL, 1, 'ADMIN', '2023-04-13 04:11:19', 'ADMIN', '2023-04-13 04:15:59'),
(335, 3, 4, 12, 7, 151, 'ADE RENALDI', 'O191000171', 'ade.renaldi', 'ARI', 'ade.renaldi@kalbenutritionals.com', '#N/A', 'default.png', '$2y$12$AZqgg65Z9qjrb1IDM1DAqOAGKCAXnxLmUZGO1Tt5nxeFkhrkcds3m', NULL, 1, 'ADMIN', '2023-04-13 04:11:19', 'ADMIN', '2023-04-13 04:15:59'),
(336, 3, 4, 12, 7, 151, 'MOHAMAD ZEIN', 'O191100184', 'mohamad.zein', 'MZN', 'mohamad.zein@kalbenutritionals.com', '#N/A', 'default.png', '$2y$12$AZqgg65Z9qjrb1IDM1DAqOAGKCAXnxLmUZGO1Tt5nxeFkhrkcds3m', NULL, 1, 'ADMIN', '2023-04-13 04:11:19', 'ADMIN', '2023-04-13 04:15:59'),
(337, 3, 6, 8, 4, 153, 'MULYONO', 'O200200008', 'mulyono.mulyono', 'MYO', 'mulyono.mulyono@kalbenutritionals.com', '#N/A', 'default.png', '$2y$12$AZqgg65Z9qjrb1IDM1DAqOAGKCAXnxLmUZGO1Tt5nxeFkhrkcds3m', NULL, 1, 'ADMIN', '2023-04-13 04:11:19', 'ADMIN', '2023-04-13 04:15:59'),
(338, 3, 6, 8, 4, 153, 'AMSIR', 'O200200010', 'amsir.amsir', 'AMR', 'amsir.amsir@kalbenutritionals.com', '#N/A', 'default.png', '$2y$12$AZqgg65Z9qjrb1IDM1DAqOAGKCAXnxLmUZGO1Tt5nxeFkhrkcds3m', NULL, 1, 'ADMIN', '2023-04-13 04:11:19', 'ADMIN', '2023-04-13 04:15:59'),
(339, 3, 4, 12, 7, 151, 'IYAN ARISANDI', 'O200600032', 'iyan.arisandi', 'IAI', 'iyan.arisandi@kalbenutritionals.com', '#N/A', 'default.png', '$2y$12$AZqgg65Z9qjrb1IDM1DAqOAGKCAXnxLmUZGO1Tt5nxeFkhrkcds3m', NULL, 1, 'ADMIN', '2023-04-13 04:11:19', 'ADMIN', '2023-04-13 04:15:59'),
(340, 3, 4, 12, 7, 151, 'IFQI DJUL FAHMI', 'O200600033', 'ifqi.fahmi', 'IDF', 'ifqi.fahmi@kalbenutritionals.com', '#N/A', 'default.png', '$2y$12$AZqgg65Z9qjrb1IDM1DAqOAGKCAXnxLmUZGO1Tt5nxeFkhrkcds3m', NULL, 1, 'ADMIN', '2023-04-13 04:11:19', 'ADMIN', '2023-04-13 04:15:59'),
(341, 3, 4, 12, 7, 151, 'ILHAM GULTOM', 'O200600034', 'ilham.gultom', 'IGM', 'ilham.gultom@kalbenutritionals.com', '#N/A', 'default.png', '$2y$12$AZqgg65Z9qjrb1IDM1DAqOAGKCAXnxLmUZGO1Tt5nxeFkhrkcds3m', NULL, 1, 'ADMIN', '2023-04-13 04:11:19', 'ADMIN', '2023-04-13 04:15:59'),
(342, 3, 4, 12, 7, 151, 'DEA ROBIANTA', 'O200900056', 'dea.robianta', 'DRA', 'dea.robianta@kalbenutritionals.com', '#N/A', 'default.png', '$2y$12$AZqgg65Z9qjrb1IDM1DAqOAGKCAXnxLmUZGO1Tt5nxeFkhrkcds3m', NULL, 1, 'ADMIN', '2023-04-13 04:11:19', 'ADMIN', '2023-04-13 04:15:59'),
(343, 3, 4, 12, 7, 154, 'AHMAD AFIF FUDIN', 'O220100005', 'ahmad.fudin', 'AAN', 'ahmad.fudin@kalbenutritionals.com', '#N/A', 'default.png', '$2y$12$AZqgg65Z9qjrb1IDM1DAqOAGKCAXnxLmUZGO1Tt5nxeFkhrkcds3m', NULL, 1, 'ADMIN', '2023-04-13 04:11:19', 'ADMIN', '2023-04-13 04:15:59'),
(344, 3, 4, 12, 7, 154, 'ASEP TEGUH', 'O220100006', 'asep.teguh', 'ATH', 'asep.teguh@kalbenutritionals.com', '#N/A', 'default.png', '$2y$12$AZqgg65Z9qjrb1IDM1DAqOAGKCAXnxLmUZGO1Tt5nxeFkhrkcds3m', NULL, 1, 'ADMIN', '2023-04-13 04:11:19', 'ADMIN', '2023-04-13 04:15:59'),
(345, 3, 4, 12, 7, 154, 'JENI', 'O220100011', 'jeni.jeni', 'JNI', 'jeni.jeni@kalbenutritionals.com', '#N/A', 'default.png', '$2y$12$AZqgg65Z9qjrb1IDM1DAqOAGKCAXnxLmUZGO1Tt5nxeFkhrkcds3m', NULL, 1, 'ADMIN', '2023-04-13 04:11:19', 'ADMIN', '2023-04-13 04:15:59'),
(346, 3, 4, 12, 7, 154, 'JUHANA', 'O220100012', 'juhana.juhana', 'JHA', 'juhana.juhana@kalbenutritionals.com', '#N/A', 'default.png', '$2y$12$AZqgg65Z9qjrb1IDM1DAqOAGKCAXnxLmUZGO1Tt5nxeFkhrkcds3m', NULL, 1, 'ADMIN', '2023-04-13 04:11:19', 'ADMIN', '2023-04-13 04:15:59'),
(347, 3, 4, 12, 7, 154, 'LEMAN', 'O220100013', 'leman.leman', 'LMN', 'leman.leman@kalbenutritionals.com', '#N/A', 'default.png', '$2y$12$AZqgg65Z9qjrb1IDM1DAqOAGKCAXnxLmUZGO1Tt5nxeFkhrkcds3m', NULL, 1, 'ADMIN', '2023-04-13 04:11:19', 'ADMIN', '2023-04-13 04:15:59'),
(348, 3, 4, 12, 7, 154, 'SAEFUL ANWAR', 'O220100015', 'saeful.anwar', 'SAR', 'saeful.anwar@kalbenutritionals.com', '#N/A', 'default.png', '$2y$12$AZqgg65Z9qjrb1IDM1DAqOAGKCAXnxLmUZGO1Tt5nxeFkhrkcds3m', NULL, 1, 'ADMIN', '2023-04-13 04:11:19', 'ADMIN', '2023-04-13 04:15:59'),
(349, 3, 4, 12, 7, 154, 'SAMSUDIN', 'O220100016', 'samsudin.samsudin', 'SSN', 'samsudin.samsudin@kalbenutritionals.com', '#N/A', 'default.png', '$2y$12$AZqgg65Z9qjrb1IDM1DAqOAGKCAXnxLmUZGO1Tt5nxeFkhrkcds3m', NULL, 1, 'ADMIN', '2023-04-13 04:11:19', 'ADMIN', '2023-04-13 04:15:59'),
(350, 3, 4, 12, 7, 155, 'SURYANTO', 'O220100017', 'suryanto.suryanto', 'SYO', 'suryanto.suryanto@kalbenutritionals.com', '#N/A', 'default.png', '$2y$12$AZqgg65Z9qjrb1IDM1DAqOAGKCAXnxLmUZGO1Tt5nxeFkhrkcds3m', NULL, 1, 'ADMIN', '2023-04-13 04:11:19', 'ADMIN', '2023-04-13 04:15:59'),
(351, 3, 4, 12, 7, 155, 'UMAR WIRANATA KUSUMA', 'O220100018', 'umar.kusuma', 'UWK', 'umar.kusuma@kalbenutritionals.com', '#N/A', 'default.png', '$2y$12$AZqgg65Z9qjrb1IDM1DAqOAGKCAXnxLmUZGO1Tt5nxeFkhrkcds3m', NULL, 1, 'ADMIN', '2023-04-13 04:11:19', 'ADMIN', '2023-04-13 04:15:59'),
(352, 3, 4, 12, 7, 155, 'TAUFIK HIDAYAT', 'O220100020', 'taufik.hidayat', 'THT', 'taufik.hidayat@kalbenutritionals.com', '#N/A', 'default.png', '$2y$12$AZqgg65Z9qjrb1IDM1DAqOAGKCAXnxLmUZGO1Tt5nxeFkhrkcds3m', NULL, 1, 'ADMIN', '2023-04-13 04:11:19', 'ADMIN', '2023-04-13 04:15:59'),
(353, 3, 4, 12, 7, 154, 'NUNUNG', 'O220100021', 'nunung.nunung', 'NNG', 'nunung.nunung@kalbenutritionals.com', '#N/A', 'default.png', '$2y$12$AZqgg65Z9qjrb1IDM1DAqOAGKCAXnxLmUZGO1Tt5nxeFkhrkcds3m', NULL, 1, 'ADMIN', '2023-04-13 04:11:19', 'ADMIN', '2023-04-13 04:15:59'),
(354, 3, 4, 12, 7, 156, 'ASEP MUSDIONO', 'O220100022', 'asep.musdiono', 'AMO', 'asep.musdiono@kalbenutritionals.com', '#N/A', 'default.png', '$2y$12$AZqgg65Z9qjrb1IDM1DAqOAGKCAXnxLmUZGO1Tt5nxeFkhrkcds3m', NULL, 1, 'ADMIN', '2023-04-13 04:11:19', 'ADMIN', '2023-04-13 04:15:59'),
(355, 3, 4, 12, 7, 151, 'EKA AMSORIH', 'O220100023', 'eka.amsorih', 'EAI', 'eka.amsorih@kalbenutritionals.com', '#N/A', 'default.png', '$2y$12$AZqgg65Z9qjrb1IDM1DAqOAGKCAXnxLmUZGO1Tt5nxeFkhrkcds3m', NULL, 1, 'ADMIN', '2023-04-13 04:11:19', 'ADMIN', '2023-04-13 04:15:59'),
(356, 3, 4, 12, 7, 151, 'ADI SUKARDI', 'O220300033', 'adi.sukardi', 'ASI', 'adi.sukardi@kalbenutritionals.com', '#N/A', 'default.png', '$2y$12$AZqgg65Z9qjrb1IDM1DAqOAGKCAXnxLmUZGO1Tt5nxeFkhrkcds3m', NULL, 1, 'ADMIN', '2023-04-13 04:11:19', 'ADMIN', '2023-04-13 04:15:59'),
(357, 3, 4, 12, 7, 154, 'DERA ARIYANDI', 'O220300036', 'dera.ariyandi', 'DAI', 'dera.ariyandi@kalbenutritionals.com', '#N/A', 'default.png', '$2y$12$AZqgg65Z9qjrb1IDM1DAqOAGKCAXnxLmUZGO1Tt5nxeFkhrkcds3m', NULL, 1, 'ADMIN', '2023-04-13 04:11:19', 'ADMIN', '2023-04-13 04:15:59');
INSERT INTO `musers` (`id`, `intLevel_ID`, `intDepartment_ID`, `intSubdepartment_ID`, `intCg_ID`, `intJabatan_ID`, `txtName`, `txtNik`, `txtUsername`, `txtInitial`, `txtEmail`, `txtExt`, `txtPhoto`, `txtPassword`, `remember_token`, `intActive`, `txtCreatedBy`, `dtmCreated`, `txtUpdatedBy`, `dtmUpdated`) VALUES
(358, 3, 4, 12, 7, 154, 'ISKANDAR', 'O220300037', 'iskandar.iskandar', 'IKR', 'iskandar.iskandar@kalbenutritionals.com', '#N/A', 'default.png', '$2y$12$AZqgg65Z9qjrb1IDM1DAqOAGKCAXnxLmUZGO1Tt5nxeFkhrkcds3m', NULL, 1, 'ADMIN', '2023-04-13 04:11:19', 'ADMIN', '2023-04-13 04:15:59'),
(359, 3, 4, 12, 7, 154, 'ANDREANSYAH', 'O220300038', 'andreansyah.andreansyah', 'ANH', 'andreansyah.andreansyah@kalbenutritionals.com', '#N/A', 'default.png', '$2y$12$AZqgg65Z9qjrb1IDM1DAqOAGKCAXnxLmUZGO1Tt5nxeFkhrkcds3m', NULL, 1, 'ADMIN', '2023-04-13 04:11:19', 'ADMIN', '2023-04-13 04:15:59'),
(360, 3, 4, 12, 7, 154, 'DEDE ROSADI', 'O220300040', 'dede.rosadi', 'DRI', 'dede.rosadi@kalbenutritionals.com', '#N/A', 'default.png', '$2y$12$AZqgg65Z9qjrb1IDM1DAqOAGKCAXnxLmUZGO1Tt5nxeFkhrkcds3m', NULL, 1, 'ADMIN', '2023-04-13 04:11:19', 'ADMIN', '2023-04-13 04:15:59'),
(361, 3, 4, 12, 7, 157, 'ARIFIN', 'O220500055', 'arifin.arifin', 'AFN', 'arifin.arifin@kalbenutritionals.com', '#N/A', 'default.png', '$2y$12$AZqgg65Z9qjrb1IDM1DAqOAGKCAXnxLmUZGO1Tt5nxeFkhrkcds3m', NULL, 1, 'ADMIN', '2023-04-13 04:11:19', 'ADMIN', '2023-04-13 04:15:59'),
(362, 3, 4, 12, 7, 151, 'I MADE RESTU ARYA SAPUTRA', 'O220800097', 'i.saputra', 'IMR', 'i.saputra@kalbenutritionals.com', '#N/A', 'default.png', '$2y$12$AZqgg65Z9qjrb1IDM1DAqOAGKCAXnxLmUZGO1Tt5nxeFkhrkcds3m', NULL, 1, 'ADMIN', '2023-04-13 04:11:19', 'ADMIN', '2023-04-13 04:15:59'),
(363, 3, 4, 12, 7, 154, 'SULAEMAN', 'O220900106', 'sulaeman', 'SLN', 'sulaeman@kalbenutritionals.com', '#N/A', 'default.png', '$2y$12$AZqgg65Z9qjrb1IDM1DAqOAGKCAXnxLmUZGO1Tt5nxeFkhrkcds3m', NULL, 1, 'ADMIN', '2023-04-13 04:11:19', 'ADMIN', '2023-04-13 04:15:59'),
(364, 3, 4, 12, 7, 151, 'ADITYA EKA SETIAWAN', 'O230100005', 'aitya.setiawan', 'AES', 'aitya.setiawan@kalbenutritionals.com', '#N/A', 'default.png', '$2y$12$AZqgg65Z9qjrb1IDM1DAqOAGKCAXnxLmUZGO1Tt5nxeFkhrkcds3m', NULL, 1, 'ADMIN', '2023-04-13 04:11:19', 'ADMIN', '2023-04-13 04:15:59'),
(365, 3, 4, 12, 7, 151, 'LUSIA KARENIA ALLETA', 'O230100006', 'lusia.alle', 'LKA', 'lusia.alle@kalbenutritionals.com', '#N/A', 'default.png', '$2y$12$AZqgg65Z9qjrb1IDM1DAqOAGKCAXnxLmUZGO1Tt5nxeFkhrkcds3m', NULL, 1, 'ADMIN', '2023-04-13 04:11:19', 'ADMIN', '2023-04-13 04:15:59'),
(366, 3, 4, 12, 7, 151, 'EUIS SONIA', 'O230200011', 'euis.sonia', 'ESA', 'euis.sonia@kalbenutritionals.com', '#N/A', 'default.png', '$2y$12$AZqgg65Z9qjrb1IDM1DAqOAGKCAXnxLmUZGO1Tt5nxeFkhrkcds3m', NULL, 1, 'ADMIN', '2023-04-13 04:11:19', 'ADMIN', '2023-04-13 04:15:59');

-- --------------------------------------------------------

--
-- Table structure for table `trlevel_access`
--

CREATE TABLE `trlevel_access` (
  `intLevel_ID` int UNSIGNED NOT NULL,
  `intSubmenu_ID` int UNSIGNED NOT NULL,
  `intRoute_ID` int UNSIGNED NOT NULL,
  `intAccessible` tinyint(1) NOT NULL DEFAULT '0',
  `txtCreatedBy` varchar(128) DEFAULT NULL,
  `dtmCreated` timestamp NULL DEFAULT CURRENT_TIMESTAMP,
  `txtUpdatedBy` varchar(128) DEFAULT NULL,
  `dtmUpdated` timestamp NULL DEFAULT CURRENT_TIMESTAMP ON UPDATE CURRENT_TIMESTAMP
) ENGINE=InnoDB DEFAULT CHARSET=utf8mb4 COLLATE=utf8mb4_0900_ai_ci;

--
-- Dumping data for table `trlevel_access`
--

INSERT INTO `trlevel_access` (`intLevel_ID`, `intSubmenu_ID`, `intRoute_ID`, `intAccessible`, `txtCreatedBy`, `dtmCreated`, `txtUpdatedBy`, `dtmUpdated`) VALUES
(2, 2, 1, 0, NULL, '2023-04-13 01:34:53', NULL, '2023-04-13 01:34:53'),
(2, 2, 2, 0, NULL, '2023-04-13 01:34:53', NULL, '2023-04-13 01:34:53'),
(2, 2, 3, 0, NULL, '2023-04-13 01:34:53', NULL, '2023-04-13 01:34:53'),
(2, 2, 4, 0, NULL, '2023-04-13 01:34:53', NULL, '2023-04-13 01:34:53'),
(2, 2, 5, 0, NULL, '2023-04-13 01:34:53', NULL, '2023-04-13 01:34:53'),
(2, 3, 6, 0, NULL, '2023-04-13 01:34:53', NULL, '2023-04-13 01:34:53'),
(2, 3, 7, 0, NULL, '2023-04-13 01:34:53', NULL, '2023-04-13 01:34:53'),
(2, 3, 8, 0, NULL, '2023-04-13 01:34:53', NULL, '2023-04-13 01:34:53'),
(2, 3, 9, 0, NULL, '2023-04-13 01:34:53', NULL, '2023-04-13 01:34:53'),
(2, 3, 10, 0, NULL, '2023-04-13 01:34:53', NULL, '2023-04-13 01:34:53'),
(2, 5, 33, 0, NULL, '2023-04-13 01:34:53', NULL, '2023-04-13 01:34:53'),
(2, 5, 34, 0, NULL, '2023-04-13 01:34:53', NULL, '2023-04-13 01:34:53'),
(2, 5, 35, 0, NULL, '2023-04-13 01:34:53', NULL, '2023-04-13 01:34:53'),
(2, 5, 36, 0, NULL, '2023-04-13 01:34:53', NULL, '2023-04-13 01:34:53'),
(2, 5, 37, 0, NULL, '2023-04-13 01:34:53', NULL, '2023-04-13 01:34:53'),
(2, 5, 38, 0, NULL, '2023-04-13 01:34:53', NULL, '2023-04-13 01:34:53'),
(2, 7, 11, 0, NULL, '2023-04-13 01:34:53', NULL, '2023-04-13 01:34:53'),
(2, 7, 12, 0, NULL, '2023-04-13 01:34:53', NULL, '2023-04-13 01:34:53'),
(2, 7, 13, 0, NULL, '2023-04-13 01:34:53', NULL, '2023-04-13 01:34:53'),
(2, 7, 14, 0, NULL, '2023-04-13 01:34:53', NULL, '2023-04-13 01:34:53'),
(2, 7, 15, 0, NULL, '2023-04-13 01:34:53', NULL, '2023-04-13 01:34:53'),
(2, 7, 16, 0, NULL, '2023-04-13 01:34:53', NULL, '2023-04-13 01:34:53'),
(2, 7, 27, 0, NULL, '2023-04-13 01:34:53', NULL, '2023-04-13 01:34:53'),
(2, 8, 17, 0, NULL, '2023-04-13 01:34:53', NULL, '2023-04-13 01:34:53'),
(2, 8, 18, 0, NULL, '2023-04-13 01:34:53', NULL, '2023-04-13 01:34:53'),
(2, 8, 19, 0, NULL, '2023-04-13 01:34:53', NULL, '2023-04-13 01:34:53'),
(2, 8, 20, 0, NULL, '2023-04-13 01:34:53', NULL, '2023-04-13 01:34:53'),
(2, 8, 21, 0, NULL, '2023-04-13 01:34:53', NULL, '2023-04-13 01:34:53'),
(2, 9, 22, 1, NULL, '2023-04-13 01:34:53', NULL, '2023-04-13 01:34:53'),
(2, 9, 23, 1, NULL, '2023-04-13 01:34:53', NULL, '2023-04-13 01:34:53'),
(2, 9, 24, 1, NULL, '2023-04-13 01:34:53', NULL, '2023-04-13 01:34:53'),
(2, 9, 25, 1, NULL, '2023-04-13 01:34:53', NULL, '2023-04-13 01:34:53'),
(2, 9, 26, 1, NULL, '2023-04-13 01:34:53', NULL, '2023-04-13 01:34:53'),
(2, 11, 28, 1, NULL, '2023-04-13 01:34:53', NULL, '2023-04-13 01:34:53'),
(2, 11, 29, 1, NULL, '2023-04-13 01:34:53', NULL, '2023-04-13 01:34:53'),
(2, 11, 30, 1, NULL, '2023-04-13 01:34:53', NULL, '2023-04-13 01:34:53'),
(2, 11, 31, 1, NULL, '2023-04-13 01:34:53', NULL, '2023-04-13 01:34:53'),
(2, 11, 32, 1, NULL, '2023-04-13 01:34:53', NULL, '2023-04-13 01:34:53'),
(2, 12, 39, 1, NULL, '2023-04-13 01:34:53', NULL, '2023-04-13 01:34:53'),
(1, 2, 1, 1, NULL, '2023-04-13 04:39:08', NULL, '2023-04-13 04:39:08'),
(1, 2, 2, 1, NULL, '2023-04-13 04:39:08', NULL, '2023-04-13 04:39:08'),
(1, 2, 3, 1, NULL, '2023-04-13 04:39:08', NULL, '2023-04-13 04:39:08'),
(1, 2, 4, 1, NULL, '2023-04-13 04:39:08', NULL, '2023-04-13 04:39:08'),
(1, 2, 5, 1, NULL, '2023-04-13 04:39:08', NULL, '2023-04-13 04:39:08'),
(1, 3, 6, 1, NULL, '2023-04-13 04:39:08', NULL, '2023-04-13 04:39:08'),
(1, 3, 7, 1, NULL, '2023-04-13 04:39:08', NULL, '2023-04-13 04:39:08'),
(1, 3, 8, 1, NULL, '2023-04-13 04:39:08', NULL, '2023-04-13 04:39:08'),
(1, 3, 9, 1, NULL, '2023-04-13 04:39:08', NULL, '2023-04-13 04:39:08'),
(1, 3, 10, 1, NULL, '2023-04-13 04:39:08', NULL, '2023-04-13 04:39:08'),
(1, 5, 33, 1, NULL, '2023-04-13 04:39:08', NULL, '2023-04-13 04:39:08'),
(1, 5, 34, 1, NULL, '2023-04-13 04:39:08', NULL, '2023-04-13 04:39:08'),
(1, 5, 35, 1, NULL, '2023-04-13 04:39:08', NULL, '2023-04-13 04:39:08'),
(1, 5, 36, 1, NULL, '2023-04-13 04:39:08', NULL, '2023-04-13 04:39:08'),
(1, 5, 37, 1, NULL, '2023-04-13 04:39:08', NULL, '2023-04-13 04:39:08'),
(1, 5, 38, 1, NULL, '2023-04-13 04:39:08', NULL, '2023-04-13 04:39:08'),
(1, 7, 11, 1, NULL, '2023-04-13 04:39:08', NULL, '2023-04-13 04:39:08'),
(1, 7, 12, 1, NULL, '2023-04-13 04:39:08', NULL, '2023-04-13 04:39:08'),
(1, 7, 13, 1, NULL, '2023-04-13 04:39:08', NULL, '2023-04-13 04:39:08'),
(1, 7, 14, 1, NULL, '2023-04-13 04:39:08', NULL, '2023-04-13 04:39:08'),
(1, 7, 15, 1, NULL, '2023-04-13 04:39:08', NULL, '2023-04-13 04:39:08'),
(1, 7, 16, 1, NULL, '2023-04-13 04:39:08', NULL, '2023-04-13 04:39:08'),
(1, 7, 27, 1, NULL, '2023-04-13 04:39:08', NULL, '2023-04-13 04:39:08'),
(1, 8, 17, 1, NULL, '2023-04-13 04:39:08', NULL, '2023-04-13 04:39:08'),
(1, 8, 18, 1, NULL, '2023-04-13 04:39:08', NULL, '2023-04-13 04:39:08'),
(1, 8, 19, 1, NULL, '2023-04-13 04:39:08', NULL, '2023-04-13 04:39:08'),
(1, 8, 20, 1, NULL, '2023-04-13 04:39:08', NULL, '2023-04-13 04:39:08'),
(1, 8, 21, 1, NULL, '2023-04-13 04:39:08', NULL, '2023-04-13 04:39:08'),
(1, 9, 22, 1, NULL, '2023-04-13 04:39:08', NULL, '2023-04-13 04:39:08'),
(1, 9, 23, 1, NULL, '2023-04-13 04:39:08', NULL, '2023-04-13 04:39:08'),
(1, 9, 24, 1, NULL, '2023-04-13 04:39:08', NULL, '2023-04-13 04:39:08'),
(1, 9, 25, 1, NULL, '2023-04-13 04:39:08', NULL, '2023-04-13 04:39:08'),
(1, 9, 26, 1, NULL, '2023-04-13 04:39:08', NULL, '2023-04-13 04:39:08'),
(1, 11, 28, 1, NULL, '2023-04-13 04:39:08', NULL, '2023-04-13 04:39:08'),
(1, 11, 29, 1, NULL, '2023-04-13 04:39:08', NULL, '2023-04-13 04:39:08'),
(1, 11, 30, 1, NULL, '2023-04-13 04:39:08', NULL, '2023-04-13 04:39:08'),
(1, 11, 31, 1, NULL, '2023-04-13 04:39:08', NULL, '2023-04-13 04:39:08'),
(1, 11, 32, 1, NULL, '2023-04-13 04:39:08', NULL, '2023-04-13 04:39:08'),
(1, 12, 39, 1, NULL, '2023-04-13 04:39:08', NULL, '2023-04-13 04:39:08'),
(1, 13, 40, 1, NULL, '2023-04-13 04:39:08', NULL, '2023-04-13 04:39:08'),
(1, 13, 41, 1, NULL, '2023-04-13 04:39:08', NULL, '2023-04-13 04:39:08'),
(1, 13, 42, 1, NULL, '2023-04-13 04:39:08', NULL, '2023-04-13 04:39:08'),
(1, 13, 43, 1, NULL, '2023-04-13 04:39:08', NULL, '2023-04-13 04:39:08'),
(1, 13, 44, 1, NULL, '2023-04-13 04:39:08', NULL, '2023-04-13 04:39:08');

-- --------------------------------------------------------

--
-- Table structure for table `trroutes`
--

CREATE TABLE `trroutes` (
  `intRoute_ID` int UNSIGNED NOT NULL,
  `intSubmenu_ID` int UNSIGNED NOT NULL,
  `txtRouteTitle` varchar(128) NOT NULL,
  `txtRouteName` varchar(128) NOT NULL,
  `dtmCreated` timestamp NULL DEFAULT CURRENT_TIMESTAMP,
  `dtmUpdated` timestamp NULL DEFAULT CURRENT_TIMESTAMP ON UPDATE CURRENT_TIMESTAMP
) ENGINE=InnoDB DEFAULT CHARSET=utf8mb4 COLLATE=utf8mb4_0900_ai_ci;

--
-- Dumping data for table `trroutes`
--

INSERT INTO `trroutes` (`intRoute_ID`, `intSubmenu_ID`, `txtRouteTitle`, `txtRouteName`, `dtmCreated`, `dtmUpdated`) VALUES
(1, 2, 'read', 'manage.menu.index', '2023-03-20 03:40:18', '2023-03-20 03:40:51'),
(2, 2, 'create', 'manage.menu.store', '2023-03-20 03:41:20', '2023-03-20 03:41:36'),
(3, 2, 'edit', 'manage.menu.edit', '2023-03-20 03:41:31', '2023-03-20 03:41:38'),
(4, 2, 'update', 'manage.menu.update', '2023-03-20 03:42:18', '2023-03-20 03:42:18'),
(5, 2, 'delete', 'manage.menu.destroy', '2023-03-20 03:42:26', '2023-03-20 03:42:26'),
(6, 3, 'read', 'manage.submenu.index', '2023-03-20 03:43:03', '2023-03-20 03:43:03'),
(7, 3, 'create', 'manage.submenu.store', '2023-03-20 03:43:12', '2023-03-20 03:43:12'),
(8, 3, 'edit', 'manage.submenu.edit', '2023-03-20 03:43:20', '2023-03-20 03:43:20'),
(9, 3, 'update', 'manage.submenu.update', '2023-03-20 03:43:28', '2023-03-20 03:43:28'),
(10, 3, 'delete', 'manage.submenu.destroy', '2023-03-20 03:43:42', '2023-03-20 03:51:15'),
(11, 7, 'read', 'manage.level.index', '2023-03-20 08:14:27', '2023-03-20 08:14:27'),
(12, 7, 'create', 'manage.level.store', '2023-03-20 08:14:27', '2023-03-20 08:14:27'),
(13, 7, 'edit', 'manage.level.edit', '2023-03-20 08:14:27', '2023-03-20 08:14:27'),
(14, 7, 'update', 'manage.level.update', '2023-03-20 08:14:27', '2023-03-20 08:14:27'),
(15, 7, 'delete', 'manage.level.destroy', '2023-03-20 08:14:27', '2023-03-20 08:14:27'),
(16, 7, 'access', 'manage.level.access', '2023-03-20 08:14:27', '2023-03-20 08:14:27'),
(17, 8, 'read', 'manage.department.index', '2023-03-20 08:19:05', '2023-03-20 08:19:05'),
(18, 8, 'create', 'manage.department.store', '2023-03-20 08:19:05', '2023-03-20 08:19:05'),
(19, 8, 'edit', 'manage.department.edit', '2023-03-20 08:19:05', '2023-03-20 08:19:05'),
(20, 8, 'update', 'manage.department.update', '2023-03-20 08:19:05', '2023-03-20 08:19:05'),
(21, 8, 'delete', 'manage.department.destroy', '2023-03-20 08:19:05', '2023-03-20 08:19:05'),
(22, 9, 'read', 'manage.module.index', '2023-03-23 04:21:38', '2023-03-23 04:21:38'),
(23, 9, 'create', 'manage.module.store', '2023-03-23 04:21:38', '2023-03-23 04:21:38'),
(24, 9, 'edit', 'manage.module.edit', '2023-03-23 04:21:38', '2023-03-23 04:21:38'),
(25, 9, 'update', 'manage.module.update', '2023-03-23 04:21:38', '2023-03-23 04:21:38'),
(26, 9, 'delete', 'manage.module.destroy', '2023-03-23 04:21:38', '2023-03-23 04:21:38'),
(27, 7, 'change', 'manage.level.change', '2023-03-23 08:45:26', '2023-03-23 08:45:26'),
(28, 11, 'read', 'manage.dbaccount.index', '2023-03-24 07:04:24', '2023-03-24 07:04:24'),
(29, 11, 'create', 'manage.dbaccount.store', '2023-03-24 07:04:24', '2023-03-24 07:04:24'),
(30, 11, 'edit', 'manage.dbaccount.edit', '2023-03-24 07:04:24', '2023-03-24 07:04:24'),
(31, 11, 'update', 'manage.dbaccount.update', '2023-03-24 07:04:24', '2023-03-24 07:04:24'),
(32, 11, 'delete', 'manage.dbaccount.destroy', '2023-03-24 07:04:24', '2023-03-24 07:04:24'),
(33, 5, 'read', 'manage.user.index', '2023-03-26 09:56:38', '2023-03-26 09:56:38'),
(34, 5, 'create', 'manage.user.store', '2023-03-26 09:56:38', '2023-03-26 09:56:38'),
(35, 5, 'edit', 'manage.user.edit', '2023-03-26 09:56:38', '2023-03-26 09:56:38'),
(36, 5, 'update', 'manage.user.update', '2023-03-26 09:56:38', '2023-03-26 09:56:38'),
(37, 5, 'reset', 'manage.user.change-password', '2023-03-26 09:56:38', '2023-03-26 09:56:38'),
(38, 5, 'delete', 'manage.user.destroy', '2023-03-26 09:56:38', '2023-03-26 09:56:38'),
(39, 12, 'read', 'dashboard.navigation', '2023-04-13 01:25:30', '2023-04-13 01:25:30'),
(40, 13, 'read', 'manage.subdepartment.index', '2023-04-13 04:38:54', '2023-04-13 04:38:54'),
(41, 13, 'create', 'manage.subdepartment.store', '2023-04-13 04:38:54', '2023-04-13 04:38:54'),
(42, 13, 'edit', 'manage.subdepartment.edit', '2023-04-13 04:38:54', '2023-04-13 04:38:54'),
(43, 13, 'update', 'manage.subdepartment.update', '2023-04-13 04:38:54', '2023-04-13 04:38:54'),
(44, 13, 'delete', 'manage.subdepartment.destroy', '2023-04-13 04:38:54', '2023-04-13 04:38:54');

--
-- Indexes for dumped tables
--

--
-- Indexes for table `failed_jobs`
--
ALTER TABLE `failed_jobs`
  ADD PRIMARY KEY (`id`),
  ADD UNIQUE KEY `failed_jobs_uuid_unique` (`uuid`);

--
-- Indexes for table `maccounts`
--
ALTER TABLE `maccounts`
  ADD PRIMARY KEY (`intAccount_ID`),
  ADD KEY `maccounts_user_id_foreign` (`user_id`);

--
-- Indexes for table `mcgs`
--
ALTER TABLE `mcgs`
  ADD PRIMARY KEY (`intCg_ID`);

--
-- Indexes for table `mdatabases`
--
ALTER TABLE `mdatabases`
  ADD PRIMARY KEY (`intDatabase_ID`),
  ADD KEY `mdatabases_intAccount_ID_foreign` (`intAccount_ID`);

--
-- Indexes for table `mdepartments`
--
ALTER TABLE `mdepartments`
  ADD PRIMARY KEY (`intDepartment_ID`);

--
-- Indexes for table `migrations`
--
ALTER TABLE `migrations`
  ADD PRIMARY KEY (`id`);

--
-- Indexes for table `mjabatans`
--
ALTER TABLE `mjabatans`
  ADD PRIMARY KEY (`intJabatan_ID`),
  ADD KEY `FK_mjabatans_intDepartment_ID_to_mdepartments` (`intDepartment_ID`);

--
-- Indexes for table `mlevels`
--
ALTER TABLE `mlevels`
  ADD PRIMARY KEY (`intLevel_ID`);

--
-- Indexes for table `mlevel_access`
--
ALTER TABLE `mlevel_access`
  ADD PRIMARY KEY (`intLevelAccess_ID`),
  ADD KEY `Foreign_key_mlevelaccess_to_mlevels_intLevel_ID` (`intLevel_ID`),
  ADD KEY `Foreign_Key_mlevelaccess_to_msubmenus_intSubmenu_ID` (`intSubmenu_ID`);

--
-- Indexes for table `mmenus`
--
ALTER TABLE `mmenus`
  ADD PRIMARY KEY (`intMenu_ID`);

--
-- Indexes for table `mmodules`
--
ALTER TABLE `mmodules`
  ADD PRIMARY KEY (`intModule_ID`),
  ADD KEY `mmodules_user_id_foreign` (`user_id`);

--
-- Indexes for table `msubdepartments`
--
ALTER TABLE `msubdepartments`
  ADD PRIMARY KEY (`intSubdepartment_ID`),
  ADD KEY `FK_subdepartment_department_ID_to_mdepartments` (`intDepartment_ID`);

--
-- Indexes for table `msubmenus`
--
ALTER TABLE `msubmenus`
  ADD PRIMARY KEY (`intSubmenu_ID`),
  ADD KEY `msubmenus_intmenu_id_foreign` (`intMenu_ID`);

--
-- Indexes for table `musers`
--
ALTER TABLE `musers`
  ADD PRIMARY KEY (`id`),
  ADD KEY `musers_intlevel_id_foreign` (`intLevel_ID`),
  ADD KEY `musers_intdepartment_id_foreign` (`intDepartment_ID`),
  ADD KEY `musers_intsubdepartment_id_foreign` (`intSubdepartment_ID`),
  ADD KEY `musers_intCg_id_foreign` (`intCg_ID`),
  ADD KEY `musers_intJabatan_id_foreign` (`intJabatan_ID`);

--
-- Indexes for table `trlevel_access`
--
ALTER TABLE `trlevel_access`
  ADD KEY `FK_trlevel_access_intRoute_ID_to_mroutes` (`intRoute_ID`),
  ADD KEY `FK_trlevel_access_intLevelID_to_mlevel_access` (`intSubmenu_ID`),
  ADD KEY `FK_trlevel_access_intLevel_ID_to_mlevels_intLevel_ID` (`intLevel_ID`);

--
-- Indexes for table `trroutes`
--
ALTER TABLE `trroutes`
  ADD PRIMARY KEY (`intRoute_ID`),
  ADD KEY `FK_MRoute_intSubmenu_ID_to_msubmenus` (`intSubmenu_ID`);

--
-- AUTO_INCREMENT for dumped tables
--

--
-- AUTO_INCREMENT for table `failed_jobs`
--
ALTER TABLE `failed_jobs`
  MODIFY `id` bigint UNSIGNED NOT NULL AUTO_INCREMENT;

--
-- AUTO_INCREMENT for table `maccounts`
--
ALTER TABLE `maccounts`
  MODIFY `intAccount_ID` int UNSIGNED NOT NULL AUTO_INCREMENT, AUTO_INCREMENT=5;

--
-- AUTO_INCREMENT for table `mdatabases`
--
ALTER TABLE `mdatabases`
  MODIFY `intDatabase_ID` int UNSIGNED NOT NULL AUTO_INCREMENT, AUTO_INCREMENT=7;

--
-- AUTO_INCREMENT for table `mdepartments`
--
ALTER TABLE `mdepartments`
  MODIFY `intDepartment_ID` int UNSIGNED NOT NULL AUTO_INCREMENT, AUTO_INCREMENT=11;

--
-- AUTO_INCREMENT for table `migrations`
--
ALTER TABLE `migrations`
  MODIFY `id` int UNSIGNED NOT NULL AUTO_INCREMENT, AUTO_INCREMENT=10;

--
-- AUTO_INCREMENT for table `mjabatans`
--
ALTER TABLE `mjabatans`
  MODIFY `intJabatan_ID` int UNSIGNED NOT NULL AUTO_INCREMENT, AUTO_INCREMENT=158;

--
-- AUTO_INCREMENT for table `mlevels`
--
ALTER TABLE `mlevels`
  MODIFY `intLevel_ID` int UNSIGNED NOT NULL AUTO_INCREMENT, AUTO_INCREMENT=4;

--
-- AUTO_INCREMENT for table `mlevel_access`
--
ALTER TABLE `mlevel_access`
  MODIFY `intLevelAccess_ID` int UNSIGNED NOT NULL AUTO_INCREMENT, AUTO_INCREMENT=9;

--
-- AUTO_INCREMENT for table `mmenus`
--
ALTER TABLE `mmenus`
  MODIFY `intMenu_ID` int UNSIGNED NOT NULL AUTO_INCREMENT, AUTO_INCREMENT=13;

--
-- AUTO_INCREMENT for table `mmodules`
--
ALTER TABLE `mmodules`
  MODIFY `intModule_ID` int UNSIGNED NOT NULL AUTO_INCREMENT, AUTO_INCREMENT=5;

--
-- AUTO_INCREMENT for table `msubdepartments`
--
ALTER TABLE `msubdepartments`
  MODIFY `intSubdepartment_ID` int UNSIGNED NOT NULL AUTO_INCREMENT, AUTO_INCREMENT=38;

--
-- AUTO_INCREMENT for table `msubmenus`
--
ALTER TABLE `msubmenus`
  MODIFY `intSubmenu_ID` int UNSIGNED NOT NULL AUTO_INCREMENT, AUTO_INCREMENT=14;

--
-- AUTO_INCREMENT for table `musers`
--
ALTER TABLE `musers`
  MODIFY `id` bigint UNSIGNED NOT NULL AUTO_INCREMENT, AUTO_INCREMENT=367;

--
-- AUTO_INCREMENT for table `trroutes`
--
ALTER TABLE `trroutes`
  MODIFY `intRoute_ID` int UNSIGNED NOT NULL AUTO_INCREMENT, AUTO_INCREMENT=45;

--
-- Constraints for dumped tables
--

--
-- Constraints for table `maccounts`
--
ALTER TABLE `maccounts`
  ADD CONSTRAINT `maccounts_user_id_foreign` FOREIGN KEY (`user_id`) REFERENCES `musers` (`id`) ON DELETE CASCADE ON UPDATE CASCADE;

--
-- Constraints for table `mdatabases`
--
ALTER TABLE `mdatabases`
  ADD CONSTRAINT `mdatabases_intAccount_ID_foreign` FOREIGN KEY (`intAccount_ID`) REFERENCES `maccounts` (`intAccount_ID`) ON DELETE CASCADE ON UPDATE CASCADE;

--
-- Constraints for table `mjabatans`
--
ALTER TABLE `mjabatans`
  ADD CONSTRAINT `FK_mjabatans_intDepartment_ID_to_mdepartments` FOREIGN KEY (`intDepartment_ID`) REFERENCES `mdepartments` (`intDepartment_ID`) ON DELETE CASCADE ON UPDATE CASCADE;

--
-- Constraints for table `mlevel_access`
--
ALTER TABLE `mlevel_access`
  ADD CONSTRAINT `Foreign_key_mlevelaccess_to_mlevels_intLevel_ID` FOREIGN KEY (`intLevel_ID`) REFERENCES `mlevels` (`intLevel_ID`) ON DELETE CASCADE ON UPDATE CASCADE,
  ADD CONSTRAINT `Foreign_Key_mlevelaccess_to_msubmenus_intSubmenu_ID` FOREIGN KEY (`intSubmenu_ID`) REFERENCES `msubmenus` (`intSubmenu_ID`) ON DELETE CASCADE ON UPDATE CASCADE;

--
-- Constraints for table `mmodules`
--
ALTER TABLE `mmodules`
  ADD CONSTRAINT `mmodules_user_id_foreign` FOREIGN KEY (`user_id`) REFERENCES `musers` (`id`) ON DELETE CASCADE ON UPDATE CASCADE;

--
-- Constraints for table `msubdepartments`
--
ALTER TABLE `msubdepartments`
  ADD CONSTRAINT `FK_subdepartment_department_ID_to_mdepartments` FOREIGN KEY (`intDepartment_ID`) REFERENCES `mdepartments` (`intDepartment_ID`) ON DELETE CASCADE ON UPDATE CASCADE;

--
-- Constraints for table `msubmenus`
--
ALTER TABLE `msubmenus`
  ADD CONSTRAINT `msubmenus_intmenu_id_foreign` FOREIGN KEY (`intMenu_ID`) REFERENCES `mmenus` (`intMenu_ID`) ON DELETE CASCADE ON UPDATE CASCADE;

--
-- Constraints for table `musers`
--
ALTER TABLE `musers`
  ADD CONSTRAINT `musers_intCg_id_foreign` FOREIGN KEY (`intCg_ID`) REFERENCES `mcgs` (`intCg_ID`) ON DELETE CASCADE ON UPDATE CASCADE,
  ADD CONSTRAINT `musers_intdepartment_id_foreign` FOREIGN KEY (`intDepartment_ID`) REFERENCES `mdepartments` (`intDepartment_ID`) ON DELETE CASCADE ON UPDATE CASCADE,
  ADD CONSTRAINT `musers_intJabatan_id_foreign` FOREIGN KEY (`intJabatan_ID`) REFERENCES `mjabatans` (`intJabatan_ID`) ON DELETE CASCADE ON UPDATE CASCADE,
  ADD CONSTRAINT `musers_intlevel_id_foreign` FOREIGN KEY (`intLevel_ID`) REFERENCES `mlevels` (`intLevel_ID`) ON DELETE CASCADE ON UPDATE CASCADE,
  ADD CONSTRAINT `musers_intsubdepartment_id_foreign` FOREIGN KEY (`intSubdepartment_ID`) REFERENCES `msubdepartments` (`intSubdepartment_ID`) ON DELETE CASCADE ON UPDATE CASCADE;

--
-- Constraints for table `trlevel_access`
--
ALTER TABLE `trlevel_access`
  ADD CONSTRAINT `FK_trlevel_access_intLevel_ID_to_mlevels_intLevel_ID` FOREIGN KEY (`intLevel_ID`) REFERENCES `mlevels` (`intLevel_ID`) ON DELETE CASCADE ON UPDATE CASCADE,
  ADD CONSTRAINT `FK_trlevel_access_intRoute_ID_to_mroutes` FOREIGN KEY (`intRoute_ID`) REFERENCES `trroutes` (`intRoute_ID`) ON DELETE CASCADE ON UPDATE CASCADE,
  ADD CONSTRAINT `FK_trlevel_access_intSubmenu_ID_to_msubmenus_intSubmenu_ID` FOREIGN KEY (`intSubmenu_ID`) REFERENCES `msubmenus` (`intSubmenu_ID`) ON DELETE CASCADE ON UPDATE CASCADE;

--
-- Constraints for table `trroutes`
--
ALTER TABLE `trroutes`
  ADD CONSTRAINT `FK_MRoute_intSubmenu_ID_to_msubmenus` FOREIGN KEY (`intSubmenu_ID`) REFERENCES `msubmenus` (`intSubmenu_ID`) ON DELETE CASCADE ON UPDATE CASCADE;
COMMIT;

/*!40101 SET CHARACTER_SET_CLIENT=@OLD_CHARACTER_SET_CLIENT */;
/*!40101 SET CHARACTER_SET_RESULTS=@OLD_CHARACTER_SET_RESULTS */;
/*!40101 SET COLLATION_CONNECTION=@OLD_COLLATION_CONNECTION */;
